S,a,m,a,n,t,h,a
"[[ 5 22 48]
 [ 5 22 48]
 [ 5 22 48]
 ...
 [ 4 15 53]
 [ 4 15 53]
 [ 4 15 53]]","[[ 5 22 48]
 [ 5 22 48]
 [ 5 22 48]
 ...
 [ 4 15 53]
 [ 4 15 53]
 [ 4 15 53]]","[[ 5 22 48]
 [ 5 22 48]
 [ 5 22 49]
 ...
 [ 4 15 53]
 [ 4 15 53]
 [ 4 15 53]]","[[ 5 22 49]
 [ 5 22 49]
 [ 5 22 49]
 ...
 [ 2 15 53]
 [ 2 15 53]
 [ 2 15 53]]","[[ 5 22 49]
 [ 5 22 49]
 [ 5 22 49]
 ...
 [ 2 15 53]
 [ 2 15 53]
 [ 2 15 53]]","[[ 5 22 49]
 [ 5 22 49]
 [ 5 22 49]
 ...
 [ 3 16 54]
 [ 3 16 54]
 [ 3 16 54]]","[[ 5 22 49]
 [ 5 22 49]
 [ 5 22 49]
 ...
 [ 3 16 54]
 [ 3 16 54]
 [ 3 16 54]]","[[ 5 22 49]
 [ 5 22 49]
 [ 5 22 49]
 ...
 [ 3 16 54]
 [ 3 16 54]
 [ 3 16 54]]","[[ 5 22 49]
 [ 5 22 49]
 [ 5 22 49]
 ...
 [ 4 17 55]
 [ 4 17 55]
 [ 4 17 55]]","[[ 5 22 49]
 [ 5 22 49]
 [ 5 22 49]
 ...
 [ 4 17 55]
 [ 4 17 55]
 [ 4 17 55]]","[[ 5 22 49]
 [ 5 22 49]
 [ 5 22 49]
 ...
 [ 5 17 57]
 [ 5 17 57]
 [ 5 17 57]]","[[ 5 22 49]
 [ 5 21 50]
 [ 5 21 50]
 ...
 [ 3 18 57]
 [ 3 18 57]
 [ 3 18 57]]","[[ 5 21 50]
 [ 5 21 50]
 [ 5 21 50]
 ...
 [ 3 18 57]
 [ 3 18 57]
 [ 3 18 57]]","[[ 5 21 50]
 [ 5 21 50]
 [ 5 21 50]
 ...
 [ 4 19 58]
 [ 4 19 58]
 [ 4 19 58]]","[[ 5 21 50]
 [ 5 21 50]
 [ 5 21 50]
 ...
 [ 4 19 58]
 [ 4 19 58]
 [ 4 19 58]]","[[ 5 21 50]
 [ 5 21 50]
 [ 5 21 50]
 ...
 [ 4 19 58]
 [ 4 19 58]
 [ 4 19 58]]","[[ 6 22 51]
 [ 6 22 51]
 [ 5 21 50]
 ...
 [ 2 19 58]
 [ 2 19 58]
 [ 2 19 58]]","[[ 6 22 51]
 [ 6 22 51]
 [ 5 21 50]
 ...
 [ 2 19 58]
 [ 2 19 58]
 [ 2 19 58]]","[[ 6 22 51]
 [ 6 22 51]
 [ 5 21 50]
 ...
 [ 2 18 60]
 [ 2 18 60]
 [ 2 18 60]]","[[ 6 22 51]
 [ 6 22 51]
 [ 5 21 50]
 ...
 [ 2 18 60]
 [ 2 18 60]
 [ 2 18 60]]","[[ 6 22 51]
 [ 6 21 53]
 [ 5 20 52]
 ...
 [ 2 18 60]
 [ 2 18 60]
 [ 2 18 60]]","[[ 6 21 53]
 [ 6 21 53]
 [ 5 20 52]
 ...
 [ 2 18 60]
 [ 2 18 60]
 [ 2 18 60]]","[[ 6 21 53]
 [ 6 21 53]
 [ 5 20 52]
 ...
 [ 2 20 61]
 [ 1 19 60]
 [ 1 19 60]]","[[ 6 21 53]
 [ 6 21 53]
 [ 5 20 52]
 ...
 [ 2 20 61]
 [ 2 20 61]
 [ 1 19 60]]","[[ 6 21 53]
 [ 6 21 53]
 [ 6 21 53]
 ...
 [ 2 20 61]
 [ 2 20 61]
 [ 2 20 61]]","[[ 6 21 53]
 [ 6 21 53]
 [ 6 21 53]
 ...
 [ 0 20 61]
 [ 0 20 61]
 [ 0 20 61]]","[[ 6 21 53]
 [ 6 21 53]
 [ 6 21 53]
 ...
 [ 0 20 61]
 [ 0 20 61]
 [ 0 20 61]]","[[ 6 21 53]
 [ 6 21 53]
 [ 6 21 53]
 ...
 [ 0 19 62]
 [ 0 19 62]
 [ 0 19 62]]","[[ 6 21 53]
 [ 6 21 53]
 [ 5 20 53]
 ...
 [ 0 19 62]
 [ 0 19 62]
 [ 0 19 62]]","[[ 6 21 54]
 [ 6 21 54]
 [ 5 20 53]
 ...
 [ 0 19 62]
 [ 0 19 62]
 [ 0 19 62]]","[[ 6 21 54]
 [ 5 20 53]
 [ 5 20 53]
 ...
 [ 0 19 62]
 [ 0 19 62]
 [ 0 19 62]]","[[ 6 21 54]
 [ 5 20 53]
 [ 5 20 53]
 ...
 [ 0 20 62]
 [ 0 20 62]
 [ 0 20 62]]","[[ 4 21 54]
 [ 4 21 54]
 [ 4 21 54]
 ...
 [ 4 20 67]
 [ 4 20 67]
 [ 4 20 67]]","[[ 4 21 54]
 [ 4 21 54]
 [ 4 21 54]
 ...
 [ 4 20 67]
 [ 4 20 67]
 [ 4 20 67]]","[[ 4 21 54]
 [ 4 21 54]
 [ 4 21 54]
 ...
 [ 4 20 67]
 [ 4 20 67]
 [ 4 20 67]]","[[ 4 21 54]
 [ 4 21 54]
 [ 4 21 54]
 ...
 [ 4 20 67]
 [ 4 20 67]
 [ 4 20 67]]","[[ 4 21 54]
 [ 4 21 54]
 [ 4 21 54]
 ...
 [ 4 20 67]
 [ 4 20 67]
 [ 4 20 67]]","[[ 4 21 54]
 [ 4 21 54]
 [ 4 21 54]
 ...
 [ 4 20 67]
 [ 4 20 67]
 [ 4 20 67]]","[[ 4 20 56]
 [ 4 20 56]
 [ 4 20 56]
 ...
 [ 4 20 67]
 [ 4 20 67]
 [ 4 20 67]]","[[ 2 21 56]
 [ 2 21 56]
 [ 2 21 56]
 ...
 [ 4 20 67]
 [ 4 20 67]
 [ 4 20 67]]","[[ 2 21 56]
 [ 2 21 56]
 [ 2 21 56]
 ...
 [ 4 21 70]
 [ 4 21 70]
 [ 4 21 70]]","[[ 2 20 57]
 [ 2 20 57]
 [ 2 20 57]
 ...
 [ 4 21 70]
 [ 4 21 70]
 [ 4 21 70]]","[[ 2 20 57]
 [ 2 20 57]
 [ 2 20 57]
 ...
 [ 4 21 70]
 [ 4 21 70]
 [ 4 21 70]]","[[ 2 20 57]
 [ 2 20 57]
 [ 2 20 57]
 ...
 [ 4 21 70]
 [ 4 21 70]
 [ 4 21 70]]","[[ 2 20 57]
 [ 2 20 57]
 [ 2 20 57]
 ...
 [ 4 21 70]
 [ 4 21 70]
 [ 4 21 70]]","[[ 1 19 56]
 [ 1 19 56]
 [ 1 19 56]
 ...
 [ 4 21 70]
 [ 4 21 70]
 [ 4 21 70]]","[[ 1 19 56]
 [ 1 19 56]
 [ 1 19 56]
 ...
 [ 4 21 70]
 [ 4 21 70]
 [ 4 21 70]]","[[ 1 18 57]
 [ 1 18 57]
 [ 1 18 57]
 ...
 [ 4 21 70]
 [ 4 21 70]
 [ 4 21 70]]","[[ 3 22 59]
 [ 3 22 59]
 [ 3 22 59]
 ...
 [ 3 22 73]
 [ 3 22 73]
 [ 3 22 73]]","[[ 4 23 60]
 [ 3 22 59]
 [ 3 22 59]
 ...
 [ 3 22 73]
 [ 3 22 73]
 [ 3 22 73]]","[[ 4 23 60]
 [ 4 23 60]
 [ 4 23 60]
 ...
 [ 3 22 73]
 [ 3 22 73]
 [ 3 22 73]]","[[ 5 24 61]
 [ 5 24 61]
 [ 4 23 60]
 ...
 [ 3 22 73]
 [ 3 22 73]
 [ 3 22 73]]","[[ 5 24 61]
 [ 5 24 61]
 [ 5 24 61]
 ...
 [ 3 22 73]
 [ 3 22 73]
 [ 3 22 73]]","[[ 4 26 62]
 [ 4 26 62]
 [ 4 26 62]
 ...
 [ 2 21 72]
 [ 2 21 72]
 [ 2 21 72]]","[[ 5 26 64]
 [ 4 25 63]
 [ 4 25 63]
 ...
 [ 2 20 73]
 [ 2 20 73]
 [ 2 20 73]]","[[ 5 26 64]
 [ 5 26 64]
 [ 4 25 63]
 ...
 [ 2 20 73]
 [ 2 20 73]
 [ 2 20 73]]","[[ 5 26 64]
 [ 5 26 64]
 [ 5 26 64]
 ...
 [ 3 21 74]
 [ 3 21 74]
 [ 3 21 74]]","[[ 4 27 65]
 [ 4 27 65]
 [ 3 26 64]
 ...
 [ 1 22 74]
 [ 1 22 74]
 [ 1 22 74]]","[[ 4 26 67]
 [ 4 26 67]
 [ 4 26 67]
 ...
 [ 1 22 74]
 [ 1 22 74]
 [ 1 22 74]]","[[ 4 26 67]
 [ 4 26 67]
 [ 4 26 67]
 ...
 [ 1 22 74]
 [ 1 22 74]
 [ 1 22 74]]","[[ 5 27 68]
 [ 5 27 68]
 [ 5 27 68]
 ...
 [ 1 22 74]
 [ 1 22 74]
 [ 1 22 74]]","[[ 5 27 68]
 [ 5 27 68]
 [ 5 27 68]
 ...
 [ 1 22 74]
 [ 1 22 74]
 [ 1 22 74]]","[[ 3 28 68]
 [ 3 28 68]
 [ 3 28 68]
 ...
 [ 1 22 74]
 [ 1 22 74]
 [ 1 22 74]]","[[ 4 29 69]
 [ 3 28 68]
 [ 3 28 68]
 ...
 [ 1 22 74]
 [ 1 22 74]
 [ 1 22 74]]","[[ 1 29 70]
 [ 1 29 70]
 [ 1 29 70]
 ...
 [ 2 19 76]
 [ 2 19 76]
 [ 2 19 76]]","[[ 2 30 71]
 [ 1 29 70]
 [ 1 29 70]
 ...
 [ 3 20 77]
 [ 3 20 77]
 [ 3 20 77]]","[[ 2 30 71]
 [ 2 30 71]
 [ 2 30 71]
 ...
 [ 3 20 77]
 [ 3 20 77]
 [ 3 20 77]]","[[ 2 30 71]
 [ 2 30 71]
 [ 2 30 71]
 ...
 [ 3 20 77]
 [ 3 20 77]
 [ 3 20 77]]","[[ 2 30 71]
 [ 2 30 71]
 [ 2 30 71]
 ...
 [ 2 21 78]
 [ 2 21 78]
 [ 2 21 78]]","[[ 3 31 72]
 [ 2 30 71]
 [ 2 30 71]
 ...
 [ 3 22 79]
 [ 3 22 79]
 [ 3 22 79]]","[[ 3 31 72]
 [ 3 31 72]
 [ 3 31 72]
 ...
 [ 3 22 79]
 [ 3 22 79]
 [ 3 22 79]]","[[ 3 31 72]
 [ 3 31 72]
 [ 3 31 72]
 ...
 [ 3 22 79]
 [ 3 22 79]
 [ 3 22 79]]","[[ 4 32 73]
 [ 3 31 72]
 [ 3 31 72]
 ...
 [ 3 23 80]
 [ 3 23 80]
 [ 3 23 80]]","[[ 2 32 73]
 [ 2 32 73]
 [ 3 31 72]
 ...
 [ 3 23 80]
 [ 3 23 80]
 [ 3 23 80]]","[[ 2 32 73]
 [ 2 32 73]
 [ 1 31 72]
 ...
 [ 3 23 80]
 [ 3 23 80]
 [ 3 23 80]]","[[ 2 32 73]
 [ 2 32 73]
 [ 2 32 73]
 ...
 [ 3 23 80]
 [ 3 23 80]
 [ 3 23 80]]","[[ 2 32 73]
 [ 2 32 73]
 [ 2 32 73]
 ...
 [ 1 24 80]
 [ 1 24 80]
 [ 1 24 80]]","[[ 2 32 73]
 [ 2 32 73]
 [ 2 32 73]
 ...
 [ 1 24 80]
 [ 1 24 80]
 [ 1 24 80]]","[[ 2 32 73]
 [ 2 32 73]
 [ 2 32 73]
 ...
 [ 1 24 80]
 [ 1 24 80]
 [ 0 23 79]]","[[ 2 32 73]
 [ 2 32 73]
 [ 2 32 73]
 ...
 [ 1 24 80]
 [ 0 23 79]
 [ 0 23 79]]","[[ 0 32 73]
 [ 0 32 73]
 [ 0 31 72]
 ...
 [ 1 24 80]
 [ 1 24 80]
 [ 1 24 80]]","[[ 0 32 73]
 [ 0 32 73]
 [ 0 32 73]
 ...
 [ 2 25 81]
 [ 1 24 80]
 [ 1 24 80]]","[[ 0 32 73]
 [ 0 32 73]
 [ 0 32 73]
 ...
 [ 2 24 82]
 [ 2 24 82]
 [ 1 23 81]]","[[ 0 32 73]
 [ 0 32 73]
 [ 0 32 73]
 ...
 [ 2 24 82]
 [ 2 24 82]
 [ 2 24 82]]","[[ 0 32 73]
 [ 0 32 73]
 [ 0 32 73]
 ...
 [ 3 25 83]
 [ 3 25 83]
 [ 3 25 83]]","[[ 0 32 73]
 [ 0 32 73]
 [ 0 32 73]
 ...
 [ 3 25 83]
 [ 3 25 83]
 [ 3 25 83]]","[[ 0 32 73]
 [ 0 32 73]
 [ 0 32 73]
 ...
 [ 2 26 84]
 [ 2 26 84]
 [ 1 25 83]]","[[ 0 33 73]
 [ 0 32 73]
 [ 0 32 73]
 ...
 [ 2 26 84]
 [ 2 26 84]
 [ 2 26 84]]","[[ 0 33 73]
 [ 0 33 73]
 [ 0 33 73]
 ...
 [ 3 27 85]
 [ 3 27 85]
 [ 3 27 85]]","[[ 0 34 74]
 [ 0 34 74]
 [ 0 33 73]
 ...
 [ 1 28 85]
 [ 1 28 85]
 [ 1 28 85]]","[[ 0 34 74]
 [ 0 34 74]
 [ 0 34 74]
 ...
 [ 1 28 85]
 [ 1 28 85]
 [ 1 28 85]]","[[ 0 34 74]
 [ 0 34 74]
 [ 0 34 74]
 ...
 [ 1 27 87]
 [ 1 27 87]
 [ 1 27 87]]","[[ 0 35 75]
 [ 0 35 75]
 [ 0 35 75]
 ...
 [ 1 27 87]
 [ 1 27 87]
 [ 1 27 87]]","[[ 0 35 75]
 [ 0 35 75]
 [ 0 35 75]
 ...
 [ 2 28 88]
 [ 2 28 88]
 [ 1 27 87]]","[[ 0 35 75]
 [ 0 35 75]
 [ 0 35 75]
 ...
 [ 2 28 88]
 [ 2 28 88]
 [ 1 27 87]]","[[ 1 36 76]
 [ 0 35 75]
 [ 0 35 75]
 ...
 [ 0 28 88]
 [ 0 28 88]
 [ 0 28 88]]","[[ 1 34 80]
 [ 1 34 80]
 [ 1 34 80]
 ...
 [ 6 28 86]
 [ 6 28 86]
 [ 6 28 86]]","[[ 1 34 80]
 [ 1 34 80]
 [ 1 34 80]
 ...
 [ 6 28 86]
 [ 6 28 86]
 [ 6 28 86]]","[[ 1 34 80]
 [ 1 34 80]
 [ 1 34 80]
 ...
 [ 6 28 86]
 [ 6 28 86]
 [ 6 28 86]]","[[ 1 34 80]
 [ 1 34 80]
 [ 1 34 80]
 ...
 [ 4 28 86]
 [ 4 28 86]
 [ 4 28 86]]","[[ 1 34 80]
 [ 1 34 80]
 [ 1 34 80]
 ...
 [ 4 28 86]
 [ 4 28 86]
 [ 4 28 86]]","[[ 1 34 80]
 [ 1 34 80]
 [ 1 34 80]
 ...
 [ 4 28 86]
 [ 4 28 86]
 [ 4 28 86]]","[[ 1 34 80]
 [ 1 34 80]
 [ 1 34 80]
 ...
 [ 5 29 87]
 [ 5 29 87]
 [ 5 29 87]]","[[ 1 34 80]
 [ 1 34 80]
 [ 1 34 80]
 ...
 [ 5 29 87]
 [ 5 29 87]
 [ 5 29 87]]","[[ 1 34 80]
 [ 3 33 80]
 [ 3 33 80]
 ...
 [ 5 29 89]
 [ 5 29 89]
 [ 5 29 89]]","[[ 3 33 80]
 [ 3 33 80]
 [ 3 33 80]
 ...
 [ 5 29 89]
 [ 5 29 89]
 [ 5 29 89]]","[[ 3 33 80]
 [ 3 33 80]
 [ 3 33 80]
 ...
 [ 5 29 89]
 [ 5 29 89]
 [ 5 29 89]]","[[ 3 33 80]
 [ 3 33 80]
 [ 3 33 80]
 ...
 [ 3 29 89]
 [ 3 29 89]
 [ 3 29 89]]","[[ 3 33 80]
 [ 3 33 80]
 [ 3 33 80]
 ...
 [ 3 29 89]
 [ 3 29 89]
 [ 3 29 89]]","[[ 3 33 80]
 [ 3 33 80]
 [ 3 33 80]
 ...
 [ 3 29 89]
 [ 3 29 89]
 [ 3 29 89]]","[[ 3 33 80]
 [ 3 33 80]
 [ 3 33 80]
 ...
 [ 3 29 89]
 [ 3 29 89]
 [ 3 29 89]]","[[ 3 33 80]
 [ 3 33 80]
 [ 3 33 80]
 ...
 [ 3 29 89]
 [ 3 29 89]
 [ 3 29 89]]","[[ 6 33 83]
 [ 5 32 82]
 [ 5 32 82]
 ...
 [ 2 30 91]
 [ 2 30 91]
 [ 2 30 91]]","[[ 5 32 82]
 [ 5 32 82]
 [ 5 32 82]
 ...
 [ 2 30 91]
 [ 2 30 91]
 [ 2 30 91]]","[[ 5 32 82]
 [ 5 32 82]
 [ 5 32 82]
 ...
 [ 2 30 91]
 [ 2 30 91]
 [ 2 30 91]]","[[ 5 32 82]
 [ 5 32 82]
 [ 4 31 81]
 ...
 [ 2 30 91]
 [ 2 30 91]
 [ 2 30 91]]","[[ 4 31 81]
 [ 4 31 81]
 [ 4 31 81]
 ...
 [ 2 30 91]
 [ 2 30 91]
 [ 2 30 91]]","[[ 4 31 81]
 [ 4 31 81]
 [ 4 31 81]
 ...
 [ 2 30 91]
 [ 2 30 91]
 [ 2 30 91]]","[[ 4 31 81]
 [ 4 31 81]
 [ 3 30 80]
 ...
 [ 2 30 91]
 [ 2 30 91]
 [ 2 30 91]]","[[ 4 31 81]
 [ 3 30 80]
 [ 3 30 80]
 ...
 [ 2 30 91]
 [ 2 30 91]
 [ 2 30 91]]","[[ 3 30 80]
 [ 3 30 80]
 [ 3 30 80]
 ...
 [ 2 30 91]
 [ 2 30 91]
 [ 2 30 91]]","[[ 5 31 78]
 [ 5 31 78]
 [ 4 30 77]
 ...
 [ 2 30 94]
 [ 2 30 94]
 [ 2 30 94]]","[[ 4 30 77]
 [ 4 30 77]
 [ 4 30 77]
 ...
 [ 3 31 95]
 [ 3 31 95]
 [ 3 31 95]]","[[ 4 30 77]
 [ 4 30 77]
 [ 4 30 77]
 ...
 [ 4 32 96]
 [ 4 32 96]
 [ 4 32 96]]","[[ 3 29 76]
 [ 3 29 76]
 [ 3 29 76]
 ...
 [ 4 32 96]
 [ 4 32 96]
 [ 4 32 96]]","[[ 3 29 76]
 [ 3 29 76]
 [ 2 28 75]
 ...
 [ 3 31 95]
 [ 3 31 95]
 [ 3 31 95]]","[[ 2 28 75]
 [ 2 28 75]
 [ 2 28 75]
 ...
 [ 2 30 94]
 [ 2 30 94]
 [ 2 30 94]]","[[ 2 28 75]
 [ 2 28 75]
 [ 2 28 75]
 ...
 [ 2 30 94]
 [ 2 30 94]
 [ 2 30 94]]","[[ 3 26 71]
 [ 3 26 71]
 [ 3 26 71]
 ...
 [ 4 33 94]
 [ 4 33 94]
 [ 4 33 94]]","[[ 3 26 71]
 [ 3 26 71]
 [ 3 26 71]
 ...
 [ 4 32 96]
 [ 4 32 96]
 [ 4 32 96]]","[[ 2 25 70]
 [ 2 25 70]
 [ 2 25 70]
 ...
 [ 4 32 96]
 [ 4 32 96]
 [ 4 32 96]]","[[ 1 24 69]
 [ 1 24 69]
 [ 1 24 69]
 ...
 [ 4 32 96]
 [ 4 32 96]
 [ 4 32 96]]","[[ 1 24 69]
 [ 1 24 69]
 [ 1 24 69]
 ...
 [ 4 32 96]
 [ 4 32 96]
 [ 4 32 96]]","[[ 2 25 70]
 [ 2 25 70]
 [ 2 25 70]
 ...
 [ 4 32 96]
 [ 4 32 96]
 [ 4 32 96]]","[[ 3 26 71]
 [ 3 26 71]
 [ 3 26 71]
 ...
 [ 4 32 96]
 [ 4 32 96]
 [ 4 32 96]]","[[ 3 26 71]
 [ 3 26 71]
 [ 3 26 71]
 ...
 [ 4 32 97]
 [ 4 32 97]
 [ 4 32 97]]","[[ 2 25 70]
 [ 3 26 71]
 [ 3 26 71]
 ...
 [ 3 33 98]
 [ 3 33 98]
 [ 3 33 98]]","[[ 3 26 71]
 [ 3 26 71]
 [ 3 26 71]
 ...
 [ 3 33 98]
 [ 3 33 98]
 [ 3 33 98]]","[[ 3 26 71]
 [ 3 26 71]
 [ 3 26 71]
 ...
 [ 3 32 99]
 [ 3 32 99]
 [ 3 32 99]]","[[ 3 26 71]
 [ 3 26 71]
 [ 3 26 71]
 ...
 [ 3 32 99]
 [ 3 32 99]
 [ 3 32 99]]","[[ 1 24 69]
 [ 1 24 69]
 [ 2 25 70]
 ...
 [ 3 32 99]
 [ 3 32 99]
 [ 3 32 99]]","[[ 0 22 67]
 [ 0 23 68]
 [ 0 23 68]
 ...
 [ 3 32 99]
 [ 3 32 99]
 [ 3 32 99]]","[[ 0 20 65]
 [ 0 21 66]
 [ 0 21 66]
 ...
 [ 3 32 99]
 [ 3 32 99]
 [ 3 32 99]]","[[ 0 19 64]
 [ 0 19 64]
 [ 0 20 65]
 ...
 [ 3 32 99]
 [ 3 32 99]
 [ 3 32 99]]","[[  0  23  69]
 [  0  22  68]
 [  0  21  67]
 ...
 [  4  34 105]
 [  4  34 105]
 [  4  34 105]]","[[  0  23  69]
 [  0  22  68]
 [  0  21  67]
 ...
 [  4  34 105]
 [  4  34 105]
 [  4  34 105]]","[[  0  23  69]
 [  0  22  68]
 [  0  21  67]
 ...
 [  5  35 106]
 [  5  35 106]
 [  5  35 106]]","[[  0  23  69]
 [  0  22  68]
 [  0  21  67]
 ...
 [  5  35 106]
 [  5  35 106]
 [  5  35 106]]","[[  0  23  69]
 [  0  22  68]
 [  0  21  67]
 ...
 [  5  35 106]
 [  5  35 106]
 [  5  35 106]]","[[  0  23  69]
 [  0  22  68]
 [  0  21  67]
 ...
 [  5  34 108]
 [  5  34 108]
 [  5  34 108]]","[[  0  23  69]
 [  0  22  68]
 [  0  21  67]
 ...
 [  6  35 109]
 [  6  35 109]
 [  6  35 109]]","[[  0  23  69]
 [  0  22  68]
 [  0  21  67]
 ...
 [  6  35 110]
 [  6  35 110]
 [  6  35 110]]","[[  0  22  68]
 [  0  22  68]
 [  0  22  68]
 ...
 [  7  36 111]
 [  7  36 111]
 [  7  36 111]]","[[  0  22  68]
 [  0  22  68]
 [  0  22  68]
 ...
 [  5  36 111]
 [  5  36 111]
 [  5  36 111]]","[[  0  22  68]
 [  0  22  68]
 [  0  22  68]
 ...
 [  5  35 112]
 [  5  35 112]
 [  5  35 112]]","[[  0  22  68]
 [  0  22  68]
 [  0  22  68]
 ...
 [  5  35 112]
 [  5  35 112]
 [  5  35 112]]","[[  0  22  68]
 [  0  22  68]
 [  0  22  68]
 ...
 [  5  35 112]
 [  5  35 112]
 [  5  35 112]]","[[  0  22  68]
 [  0  22  68]
 [  0  22  68]
 ...
 [  5  35 114]
 [  5  35 114]
 [  5  35 114]]","[[  0  22  68]
 [  0  22  68]
 [  0  22  68]
 ...
 [  5  35 114]
 [  5  35 114]
 [  5  35 114]]","[[  0  22  68]
 [  0  22  68]
 [  0  22  68]
 ...
 [  5  35 114]
 [  5  35 114]
 [  5  35 114]]","[[  2  21  72]
 [  2  21  72]
 [  2  21  72]
 ...
 [  6  35 109]
 [  6  35 109]
 [  6  35 109]]","[[  1  22  73]
 [  1  22  73]
 [  1  22  73]
 ...
 [  4  36 109]
 [  4  36 109]
 [  4  36 109]]","[[  3  24  75]
 [  3  24  75]
 [  3  24  75]
 ...
 [  4  35 110]
 [  4  35 110]
 [  4  35 110]]","[[  4  25  76]
 [  4  25  76]
 [  4  25  76]
 ...
 [  5  36 111]
 [  5  36 111]
 [  5  36 111]]","[[  5  27  75]
 [  5  27  75]
 [  5  27  75]
 ...
 [  5  36 111]
 [  5  36 111]
 [  5  36 111]]","[[  6  28  76]
 [  6  28  76]
 [  6  28  76]
 ...
 [  5  36 111]
 [  5  36 111]
 [  5  36 111]]","[[  5  27  75]
 [  5  27  75]
 [  5  27  75]
 ...
 [  5  36 111]
 [  5  36 111]
 [  5  36 111]]","[[  4  27  75]
 [  4  27  75]
 [  4  27  75]
 ...
 [  5  37 112]
 [  5  37 112]
 [  5  37 112]]","[[  5  28  76]
 [  5  28  76]
 [  5  28  76]
 ...
 [  5  37 112]
 [  5  37 112]
 [  5  37 112]]","[[  5  28  76]
 [  5  28  76]
 [  5  28  76]
 ...
 [  5  37 112]
 [  5  37 112]
 [  5  37 112]]","[[  3  28  78]
 [  3  28  78]
 [  3  28  78]
 ...
 [  3  38 112]
 [  3  38 112]
 [  3  38 112]]","[[  4  29  79]
 [  4  29  79]
 [  4  29  79]
 ...
 [  3  37 113]
 [  3  37 113]
 [  3  37 113]]","[[  5  29  81]
 [  5  29  81]
 [  5  29  81]
 ...
 [  3  37 113]
 [  3  37 113]
 [  3  37 113]]","[[  5  29  81]
 [  5  29  81]
 [  5  29  81]
 ...
 [  4  38 114]
 [  4  38 114]
 [  4  38 114]]","[[  6  30  84]
 [  6  30  84]
 [  6  30  84]
 ...
 [  4  38 114]
 [  4  38 114]
 [  4  38 114]]","[[  6  30  84]
 [  6  30  84]
 [  6  30  84]
 ...
 [  4  38 114]
 [  4  38 114]
 [  4  38 114]]","[[  6  31  87]
 [  6  31  87]
 [  6  31  87]
 ...
 [  5  38 117]
 [  5  38 117]
 [  5  38 117]]","[[  6  31  87]
 [  6  31  87]
 [  6  31  87]
 ...
 [  5  38 117]
 [  5  38 117]
 [  5  38 117]]","[[  7  32  88]
 [  7  32  88]
 [  7  32  88]
 ...
 [  5  38 117]
 [  5  38 117]
 [  5  38 117]]","[[  7  32  88]
 [  7  32  88]
 [  7  32  88]
 ...
 [  4  40 118]
 [  4  40 118]
 [  4  40 118]]","[[  8  33  89]
 [  8  33  89]
 [  8  33  89]
 ...
 [  4  40 118]
 [  4  40 118]
 [  4  40 118]]","[[  8  33  89]
 [  8  33  89]
 [  8  33  89]
 ...
 [  5  41 119]
 [  5  41 119]
 [  5  41 119]]","[[  9  33  91]
 [  9  33  91]
 [  9  33  91]
 ...
 [  5  41 119]
 [  5  41 119]
 [  5  41 119]]","[[  9  33  91]
 [  9  33  91]
 [  9  33  91]
 ...
 [  5  41 119]
 [  5  41 119]
 [  5  41 119]]","[[ 10  34  92]
 [ 10  34  92]
 [ 10  34  92]
 ...
 [  6  42 120]
 [  6  42 120]
 [  6  42 120]]","[[ 11  35  93]
 [ 11  35  93]
 [ 11  35  93]
 ...
 [  6  41 121]
 [  6  41 121]
 [  6  41 121]]","[[ 12  36  94]
 [ 12  36  94]
 [ 12  36  94]
 ...
 [  6  41 121]
 [  6  41 121]
 [  6  41 121]]","[[ 13  37  95]
 [ 13  37  95]
 [ 13  37  95]
 ...
 [  4  41 121]
 [  4  41 121]
 [  4  41 121]]","[[ 14  38  96]
 [ 14  38  96]
 [ 14  38  96]
 ...
 [  4  41 121]
 [  4  41 121]
 [  4  41 121]]","[[ 13  37  95]
 [ 13  37  95]
 [ 13  37  95]
 ...
 [  4  41 121]
 [  4  41 121]
 [  4  41 121]]","[[ 12  36  94]
 [ 12  36  94]
 [ 12  36  94]
 ...
 [  4  41 121]
 [  4  41 121]
 [  4  41 121]]","[[ 12  36  94]
 [ 12  36  94]
 [ 12  36  94]
 ...
 [  4  41 121]
 [  4  41 121]
 [  4  41 121]]","[[  8  35 102]
 [  8  35 102]
 [  8  35 102]
 ...
 [  2  39 121]
 [  2  39 121]
 [  2  39 121]]","[[  9  36 103]
 [  9  36 103]
 [  9  36 103]
 ...
 [  2  39 121]
 [  2  39 121]
 [  2  39 121]]","[[  9  36 103]
 [  9  36 103]
 [  9  36 103]
 ...
 [  3  40 122]
 [  3  40 122]
 [  3  40 122]]","[[ 10  36 106]
 [ 10  36 106]
 [ 10  37 104]
 ...
 [  3  40 122]
 [  3  40 122]
 [  3  40 122]]","[[ 10  36 106]
 [ 10  36 106]
 [ 10  36 106]
 ...
 [  3  42 121]
 [  3  42 121]
 [  3  42 121]]","[[ 11  37 107]
 [ 11  37 107]
 [ 11  37 107]
 ...
 [  4  43 122]
 [  4  43 122]
 [  4  43 122]]","[[ 12  37 109]
 [ 12  37 109]
 [ 12  38 108]
 ...
 [  5  44 123]
 [  5  44 123]
 [  5  44 123]]","[[ 12  37 109]
 [ 12  37 109]
 [ 12  37 109]
 ...
 [  5  44 123]
 [  5  44 123]
 [  5  44 123]]","[[ 10  38 109]
 [ 10  38 109]
 [ 10  38 109]
 ...
 [  4  43 122]
 [  4  43 122]
 [  4  43 122]]","[[ 11  38 112]
 [ 11  38 112]
 [ 11  38 112]
 ...
 [  5  44 123]
 [  5  44 123]
 [  5  44 123]]","[[ 11  38 112]
 [ 11  38 112]
 [ 11  38 112]
 ...
 [  7  45 127]
 [  7  45 127]
 [  7  45 127]]","[[ 11  37 113]
 [ 11  37 113]
 [ 11  38 112]
 ...
 [  8  46 128]
 [  8  46 128]
 [  8  46 128]]","[[ 12  38 114]
 [ 12  38 114]
 [ 12  38 114]
 ...
 [  7  47 130]
 [  7  47 130]
 [  7  47 130]]","[[ 12  38 114]
 [ 12  38 114]
 [ 12  38 114]
 ...
 [  6  46 129]
 [  6  46 129]
 [  6  46 129]]","[[ 12  38 114]
 [ 12  38 114]
 [ 12  38 114]
 ...
 [  6  46 129]
 [  6  46 129]
 [  6  46 129]]","[[ 13  39 115]
 [ 13  39 115]
 [ 13  39 115]
 ...
 [  5  44 129]
 [  5  44 129]
 [  5  44 129]]","[[ 10  38 115]
 [ 10  38 115]
 [ 11  39 116]
 ...
 [  6  46 134]
 [  6  46 134]
 [  6  46 134]]","[[ 10  38 115]
 [ 10  38 115]
 [ 11  39 116]
 ...
 [  5  45 133]
 [  5  45 133]
 [  5  45 133]]","[[ 11  39 116]
 [ 11  39 116]
 [ 11  39 116]
 ...
 [  4  44 132]
 [  4  44 132]
 [  4  44 132]]","[[ 11  39 116]
 [ 11  39 116]
 [ 12  40 117]
 ...
 [  3  43 131]
 [  3  43 131]
 [  3  43 131]]","[[ 12  40 117]
 [ 12  40 117]
 [ 12  40 117]
 ...
 [  4  44 132]
 [  4  44 132]
 [  4  44 132]]","[[ 12  39 119]
 [ 12  39 119]
 [ 13  40 120]
 ...
 [  5  45 133]
 [  5  45 133]
 [  5  45 133]]","[[ 13  40 120]
 [ 13  40 120]
 [ 13  40 120]
 ...
 [  6  46 135]
 [  6  46 135]
 [  6  46 135]]","[[ 13  40 120]
 [ 13  40 120]
 [ 13  40 120]
 ...
 [  5  47 136]
 [  5  47 136]
 [  5  47 136]]","[[ 13  40 120]
 [ 13  40 120]
 [ 13  40 120]
 ...
 [  4  46 135]
 [  4  46 135]
 [  4  46 135]]","[[ 11  40 121]
 [ 11  40 121]
 [ 12  41 122]
 ...
 [  4  46 135]
 [  4  46 135]
 [  4  46 135]]","[[ 11  40 121]
 [ 11  40 121]
 [ 12  41 122]
 ...
 [  6  47 139]
 [  6  47 139]
 [  6  47 139]]","[[ 12  41 122]
 [ 12  41 122]
 [ 12  41 122]
 ...
 [  7  48 140]
 [  7  48 140]
 [  7  48 140]]","[[ 12  41 122]
 [ 12  41 122]
 [ 13  42 123]
 ...
 [  7  48 140]
 [  7  48 140]
 [  7  48 140]]","[[ 12  40 124]
 [ 13  41 125]
 [ 13  42 123]
 ...
 [  7  48 140]
 [  7  48 140]
 [  7  48 140]]","[[ 13  41 125]
 [ 13  41 125]
 [ 13  41 125]
 ...
 [  6  47 139]
 [  6  47 139]
 [  6  47 139]]","[[ 13  41 125]
 [ 13  41 125]
 [ 14  42 126]
 ...
 [  6  47 139]
 [  6  47 139]
 [  6  47 139]]","[[ 15  39 127]
 [ 15  39 127]
 [ 16  40 128]
 ...
 [  7  46 138]
 [  7  46 138]
 [  7  46 138]]","[[ 13  40 127]
 [ 14  41 128]
 [ 14  41 128]
 ...
 [  7  46 138]
 [  7  46 138]
 [  7  46 138]]","[[ 13  40 127]
 [ 14  41 128]
 [ 14  41 128]
 ...
 [  7  46 138]
 [  7  46 138]
 [  7  46 138]]","[[ 14  41 128]
 [ 14  41 128]
 [ 14  41 128]
 ...
 [  8  47 139]
 [  8  47 139]
 [  8  47 139]]","[[ 14  41 128]
 [ 14  41 128]
 [ 14  41 128]
 ...
 [  8  47 139]
 [  8  47 139]
 [  8  47 139]]","[[ 14  41 128]
 [ 14  41 128]
 [ 14  41 128]
 ...
 [  8  47 139]
 [  8  47 139]
 [  8  47 139]]","[[ 14  41 128]
 [ 14  41 128]
 [ 14  41 128]
 ...
 [  8  47 139]
 [  8  47 139]
 [  8  47 139]]","[[ 13  41 128]
 [ 13  41 128]
 [ 14  42 129]
 ...
 [  7  48 140]
 [  7  48 140]
 [  7  48 140]]","[[ 13  41 128]
 [ 14  42 129]
 [ 14  42 129]
 ...
 [  9  50 142]
 [  9  50 142]
 [  9  50 142]]","[[ 14  42 129]
 [ 14  42 129]
 [ 14  42 129]
 ...
 [  9  50 142]
 [  9  50 142]
 [  9  50 142]]","[[ 12  42 129]
 [ 12  42 129]
 [ 12  42 129]
 ...
 [  9  50 142]
 [  9  50 142]
 [  9  50 142]]","[[ 12  42 129]
 [ 12  42 129]
 [ 13  43 130]
 ...
 [  9  50 142]
 [  9  50 142]
 [  9  50 142]]","[[ 12  42 129]
 [ 12  42 129]
 [ 13  43 130]
 ...
 [  9  50 142]
 [  9  50 142]
 [  9  50 142]]","[[ 13  43 130]
 [ 13  43 130]
 [ 13  43 130]
 ...
 [  9  50 142]
 [  9  50 142]
 [  9  50 142]]","[[ 13  43 130]
 [ 13  43 130]
 [ 13  43 130]
 ...
 [  9  50 142]
 [  9  50 142]
 [  9  50 142]]","[[ 13  43 130]
 [ 13  43 130]
 [ 13  43 130]
 ...
 [  9  50 142]
 [  9  50 142]
 [  9  50 142]]","[[ 16  47 132]
 [ 16  47 132]
 [ 16  47 132]
 ...
 [  8  52 143]
 [  8  52 143]
 [  8  52 143]]","[[ 16  47 132]
 [ 16  47 132]
 [ 16  47 132]
 ...
 [  8  52 143]
 [  8  52 143]
 [  8  52 143]]","[[ 16  47 132]
 [ 16  47 132]
 [ 16  47 132]
 ...
 [  8  52 143]
 [  8  52 143]
 [  8  52 143]]","[[ 14  48 132]
 [ 14  48 132]
 [ 14  48 132]
 ...
 [  8  52 143]
 [  8  52 143]
 [  8  52 143]]","[[ 14  48 132]
 [ 14  48 132]
 [ 14  48 132]
 ...
 [  8  52 143]
 [  8  52 143]
 [  8  52 143]]","[[ 14  48 132]
 [ 14  48 132]
 [ 14  48 132]
 ...
 [  7  52 143]
 [  7  52 143]
 [  7  52 143]]","[[ 14  48 132]
 [ 14  48 132]
 [ 14  48 132]
 ...
 [  7  52 143]
 [  7  52 143]
 [  7  52 143]]","[[ 14  48 132]
 [ 14  48 132]
 [ 14  48 132]
 ...
 [  7  52 143]
 [  7  52 143]
 [  7  52 143]]","[[ 14  48 132]
 [ 14  48 132]
 [ 14  48 132]
 ...
 [  7  52 143]
 [  7  52 143]
 [  7  52 143]]","[[ 14  48 132]
 [ 14  48 132]
 [ 14  48 132]
 ...
 [  7  52 143]
 [  7  52 143]
 [  7  52 143]]","[[ 14  48 132]
 [ 14  48 132]
 [ 14  48 132]
 ...
 [  8  53 144]
 [  8  53 144]
 [  8  53 144]]","[[ 12  48 132]
 [ 12  48 132]
 [ 12  48 132]
 ...
 [  8  53 144]
 [  8  53 144]
 [  8  53 144]]","[[ 12  48 132]
 [ 12  48 132]
 [ 12  48 132]
 ...
 [  8  53 144]
 [  8  53 144]
 [  8  53 144]]","[[ 12  48 132]
 [ 12  48 132]
 [ 12  48 132]
 ...
 [  8  53 144]
 [  8  53 144]
 [  8  53 144]]","[[ 11  47 131]
 [ 11  47 131]
 [ 11  47 131]
 ...
 [  6  53 144]
 [  6  53 144]
 [  6  53 144]]","[[ 11  47 131]
 [ 11  47 131]
 [ 11  47 131]
 ...
 [  6  53 144]
 [  6  53 144]
 [  6  53 144]]","[[ 12  46 129]
 [ 12  46 129]
 [ 12  46 129]
 ...
 [  4  54 144]
 [  4  54 144]
 [  4  54 144]]","[[ 13  47 130]
 [ 13  47 130]
 [ 13  47 130]
 ...
 [  4  54 144]
 [  4  54 144]
 [  4  54 144]]","[[ 14  48 131]
 [ 14  48 131]
 [ 14  48 131]
 ...
 [  5  55 145]
 [  5  55 145]
 [  5  55 145]]","[[ 14  48 131]
 [ 14  48 131]
 [ 14  48 131]
 ...
 [  5  55 145]
 [  5  55 145]
 [  5  55 145]]","[[ 14  48 131]
 [ 14  48 131]
 [ 14  48 131]
 ...
 [  7  54 145]
 [  7  54 145]
 [  7  54 145]]","[[ 13  47 130]
 [ 13  47 130]
 [ 13  47 130]
 ...
 [  8  55 146]
 [  8  55 146]
 [  8  55 146]]","[[ 11  45 128]
 [ 11  45 128]
 [ 11  45 128]
 ...
 [ 10  55 146]
 [ 10  55 146]
 [ 10  55 146]]","[[ 10  44 127]
 [ 10  44 127]
 [ 10  44 127]
 ...
 [ 10  55 146]
 [ 10  55 146]
 [ 10  55 146]]","[[ 12  46 129]
 [ 12  46 129]
 [ 12  46 129]
 ...
 [ 11  56 147]
 [ 11  56 147]
 [ 11  56 147]]","[[ 11  45 128]
 [ 11  45 128]
 [ 11  45 128]
 ...
 [ 11  56 147]
 [ 11  56 147]
 [ 11  56 147]]","[[ 10  44 127]
 [ 10  44 127]
 [ 10  44 127]
 ...
 [  9  56 147]
 [  9  56 147]
 [  9  56 147]]","[[  9  43 126]
 [  9  43 126]
 [  9  43 126]
 ...
 [ 10  57 148]
 [ 10  57 148]
 [ 10  57 148]]","[[  9  43 126]
 [  9  43 126]
 [  9  43 126]
 ...
 [  8  58 148]
 [  8  58 148]
 [  8  58 148]]","[[  9  43 126]
 [  9  43 126]
 [  9  43 126]
 ...
 [  8  58 148]
 [  8  58 148]
 [  8  58 148]]","[[ 10  44 127]
 [ 10  44 127]
 [ 10  44 127]
 ...
 [  9  59 149]
 [  9  59 149]
 [  9  59 149]]","[[ 10  44 127]
 [ 10  44 127]
 [ 10  44 127]
 ...
 [  9  59 149]
 [  9  59 149]
 [  9  59 149]]","[[  7  41 125]
 [  7  41 125]
 [  7  41 125]
 ...
 [  8  60 150]
 [  8  60 150]
 [  8  60 150]]","[[  8  42 126]
 [  8  42 126]
 [  8  42 126]
 ...
 [  8  60 150]
 [  8  60 150]
 [  8  60 150]]","[[  9  43 127]
 [  9  43 127]
 [  9  43 127]
 ...
 [  8  60 150]
 [  8  60 150]
 [  8  60 150]]","[[  9  43 127]
 [  9  43 127]
 [  9  43 127]
 ...
 [  9  61 151]
 [  9  61 151]
 [  9  61 151]]","[[  9  43 127]
 [  9  43 127]
 [  9  43 127]
 ...
 [  9  61 151]
 [  9  61 151]
 [  9  61 151]]","[[  8  42 126]
 [  8  42 126]
 [  8  42 126]
 ...
 [  9  61 151]
 [  9  61 151]
 [  9  61 151]]","[[  7  41 125]
 [  7  41 125]
 [  7  41 125]
 ...
 [ 10  62 152]
 [ 10  62 152]
 [ 10  62 152]]","[[  6  40 124]
 [  6  40 124]
 [  6  40 124]
 ...
 [ 10  62 152]
 [ 10  62 152]
 [ 10  62 152]]","[[  7  41 125]
 [  7  41 125]
 [  7  41 125]
 ...
 [ 10  62 152]
 [ 10  62 152]
 [ 10  62 152]]","[[  7  41 125]
 [  7  41 125]
 [  7  41 125]
 ...
 [ 10  62 152]
 [ 10  62 152]
 [ 10  62 152]]","[[  6  40 124]
 [  6  40 124]
 [  6  40 124]
 ...
 [  9  62 152]
 [  9  62 152]
 [  9  62 152]]","[[  6  40 124]
 [  6  40 124]
 [  6  40 124]
 ...
 [ 10  63 153]
 [ 10  63 153]
 [ 10  63 153]]","[[  6  40 124]
 [  6  40 124]
 [  6  40 124]
 ...
 [ 10  63 153]
 [ 10  63 153]
 [ 10  63 153]]","[[  6  40 124]
 [  6  40 124]
 [  6  40 124]
 ...
 [ 10  63 153]
 [ 10  63 153]
 [ 10  63 153]]","[[  6  40 124]
 [  6  40 124]
 [  6  40 124]
 ...
 [ 10  63 153]
 [ 10  63 153]
 [ 10  63 153]]","[[  6  40 124]
 [  6  40 124]
 [  6  40 124]
 ...
 [ 10  63 153]
 [ 10  63 153]
 [ 10  63 153]]","[[  6  37 122]
 [  6  37 122]
 [  6  38 121]
 ...
 [  9  66 151]
 [  9  66 151]
 [  9  66 151]]","[[  7  38 123]
 [  7  39 122]
 [  7  39 122]
 ...
 [  9  66 151]
 [  9  66 151]
 [  9  66 151]]","[[  8  40 123]
 [  8  40 123]
 [  8  40 123]
 ...
 [  8  65 150]
 [  8  65 150]
 [  8  65 150]]","[[  9  41 124]
 [  9  41 124]
 [  9  41 124]
 ...
 [  8  65 150]
 [  8  65 150]
 [  8  65 150]]","[[  9  41 124]
 [  9  41 124]
 [  9  41 124]
 ...
 [  9  66 151]
 [  9  66 151]
 [  9  66 151]]","[[  9  41 124]
 [  9  41 124]
 [  9  41 124]
 ...
 [ 11  68 153]
 [ 11  68 153]
 [ 11  68 153]]","[[  8  40 123]
 [  8  40 123]
 [  8  40 123]
 ...
 [ 12  69 154]
 [ 12  69 154]
 [ 12  69 154]]","[[  7  39 122]
 [  7  39 122]
 [  7  39 122]
 ...
 [ 13  70 155]
 [ 13  70 155]
 [ 13  70 155]]","[[  5  37 120]
 [  5  37 120]
 [  5  37 120]
 ...
 [ 14  71 156]
 [ 14  71 156]
 [ 14  71 156]]","[[  7  37 120]
 [  7  37 120]
 [  7  37 120]
 ...
 [ 14  71 156]
 [ 14  71 156]
 [ 14  71 156]]","[[  7  37 118]
 [  7  37 118]
 [  7  37 118]
 ...
 [ 14  71 156]
 [ 14  71 156]
 [ 14  71 156]]","[[  8  38 119]
 [  8  38 119]
 [  8  38 119]
 ...
 [ 14  71 156]
 [ 14  71 156]
 [ 14  71 156]]","[[  8  38 119]
 [  8  38 119]
 [  8  38 119]
 ...
 [ 13  70 155]
 [ 13  70 155]
 [ 13  70 155]]","[[  8  38 119]
 [  8  38 119]
 [  8  38 119]
 ...
 [ 13  70 155]
 [ 13  70 155]
 [ 13  70 155]]","[[  8  38 119]
 [  8  38 119]
 [  8  38 119]
 ...
 [ 13  70 155]
 [ 13  70 155]
 [ 13  70 155]]","[[  8  38 119]
 [  8  38 119]
 [  8  38 119]
 ...
 [ 12  69 154]
 [ 12  69 154]
 [ 12  69 154]]","[[  5  38 117]
 [  5  38 117]
 [  5  38 117]
 ...
 [ 16  71 156]
 [ 16  71 156]
 [ 16  71 156]]","[[  7  38 117]
 [  7  38 117]
 [  7  38 117]
 ...
 [ 16  71 156]
 [ 16  71 156]
 [ 16  71 156]]","[[  7  38 117]
 [  7  38 117]
 [  7  38 117]
 ...
 [ 16  71 156]
 [ 16  71 156]
 [ 16  71 156]]","[[  7  38 117]
 [  7  38 117]
 [  7  38 117]
 ...
 [ 15  72 157]
 [ 15  72 157]
 [ 15  72 157]]","[[  7  38 117]
 [  7  38 117]
 [  7  38 117]
 ...
 [ 15  72 157]
 [ 15  72 157]
 [ 15  72 157]]","[[  7  38 117]
 [  7  38 117]
 [  7  38 117]
 ...
 [ 15  72 157]
 [ 15  72 157]
 [ 15  72 157]]","[[  7  38 117]
 [  7  38 117]
 [  7  38 117]
 ...
 [ 15  72 157]
 [ 15  72 157]
 [ 15  72 157]]","[[  8  38 117]
 [  8  38 117]
 [  8  38 117]
 ...
 [ 16  73 158]
 [ 16  73 158]
 [ 16  73 158]]","[[  8  38 117]
 [  8  38 115]
 [  8  38 115]
 ...
 [ 15  72 157]
 [ 15  72 157]
 [ 15  72 157]]","[[  8  38 115]
 [  8  38 115]
 [  8  38 115]
 ...
 [ 15  72 157]
 [ 15  72 157]
 [ 15  72 157]]","[[ 10  38 115]
 [ 10  38 115]
 [ 10  38 115]
 ...
 [ 17  74 159]
 [ 17  74 159]
 [ 17  74 159]]","[[ 10  38 115]
 [ 10  38 115]
 [ 10  38 115]
 ...
 [ 15  75 159]
 [ 15  75 159]
 [ 15  75 159]]","[[ 10  38 115]
 [ 10  38 115]
 [ 10  38 115]
 ...
 [ 15  75 159]
 [ 15  75 159]
 [ 15  75 159]]","[[ 10  38 115]
 [ 10  38 115]
 [ 10  38 115]
 ...
 [ 15  75 159]
 [ 15  75 159]
 [ 15  75 159]]","[[ 10  38 115]
 [ 10  38 115]
 [ 10  38 115]
 ...
 [ 13  73 157]
 [ 13  73 157]
 [ 13  73 157]]","[[ 10  38 115]
 [ 10  38 115]
 [ 10  38 115]
 ...
 [ 13  73 157]
 [ 13  73 157]
 [ 13  73 157]]","[[  8  40 113]
 [  8  40 113]
 [  8  40 113]
 ...
 [ 16  76 158]
 [ 16  76 158]
 [ 16  76 158]]","[[  8  40 113]
 [  8  40 113]
 [  8  40 113]
 ...
 [ 16  76 158]
 [ 16  76 158]
 [ 16  76 158]]","[[  8  40 113]
 [  8  40 113]
 [  8  40 113]
 ...
 [ 17  77 159]
 [ 17  77 159]
 [ 17  77 159]]","[[  8  40 111]
 [  8  40 111]
 [  8  40 111]
 ...
 [ 17  77 159]
 [ 17  77 159]
 [ 17  77 159]]","[[  8  40 111]
 [  8  40 111]
 [  8  40 111]
 ...
 [ 18  78 160]
 [ 18  78 160]
 [ 18  78 160]]","[[  8  40 111]
 [  8  40 111]
 [  8  40 111]
 ...
 [ 19  79 161]
 [ 19  79 161]
 [ 19  79 161]]","[[  8  40 111]
 [  8  40 111]
 [  8  40 111]
 ...
 [ 20  80 162]
 [ 20  80 162]
 [ 20  80 162]]","[[  8  40 111]
 [  8  40 111]
 [  8  40 111]
 ...
 [ 20  80 162]
 [ 20  80 162]
 [ 20  80 162]]","[[  8  40 111]
 [  8  40 111]
 [  8  40 111]
 ...
 [ 21  81 163]
 [ 21  81 163]
 [ 21  81 163]]","[[  8  40 111]
 [  8  40 111]
 [  8  40 111]
 ...
 [ 21  81 163]
 [ 21  81 163]
 [ 21  81 163]]","[[  8  40 111]
 [  8  40 111]
 [  8  40 111]
 ...
 [ 21  81 163]
 [ 21  81 163]
 [ 21  81 163]]","[[  8  41 110]
 [  8  41 110]
 [  8  41 110]
 ...
 [ 20  80 162]
 [ 20  80 162]
 [ 20  80 162]]","[[  8  41 110]
 [  8  41 110]
 [  8  41 110]
 ...
 [ 20  80 162]
 [ 20  80 162]
 [ 20  80 162]]","[[  8  41 110]
 [  8  41 110]
 [  8  41 110]
 ...
 [ 20  80 162]
 [ 20  80 162]
 [ 20  80 162]]","[[  8  41 110]
 [  8  41 110]
 [  8  41 110]
 ...
 [ 20  80 162]
 [ 20  80 162]
 [ 20  80 162]]","[[  8  41 110]
 [  8  41 110]
 [  8  41 110]
 ...
 [ 20  80 162]
 [ 20  80 162]
 [ 20  80 162]]","[[ 11  45 111]
 [  9  43 109]
 [  8  42 108]
 ...
 [ 23  81 163]
 [ 23  81 163]
 [ 23  81 163]]","[[ 11  45 111]
 [  9  43 109]
 [  8  42 108]
 ...
 [ 23  81 163]
 [ 23  81 163]
 [ 23  81 163]]","[[ 11  45 111]
 [  9  43 109]
 [  8  42 108]
 ...
 [ 23  81 163]
 [ 23  81 163]
 [ 23  81 163]]","[[ 11  46 110]
 [  9  44 108]
 [  8  43 107]
 ...
 [ 23  81 163]
 [ 23  81 163]
 [ 23  81 163]]","[[ 11  46 110]
 [  9  44 108]
 [  8  43 107]
 ...
 [ 23  81 163]
 [ 23  81 163]
 [ 23  81 163]]","[[ 11  46 110]
 [  9  44 108]
 [  8  43 107]
 ...
 [ 23  81 163]
 [ 23  81 163]
 [ 23  81 163]]","[[ 11  46 110]
 [  9  44 108]
 [  8  43 107]
 ...
 [ 23  82 162]
 [ 23  82 162]
 [ 23  82 162]]","[[ 11  46 110]
 [  9  44 108]
 [  8  43 107]
 ...
 [ 25  81 162]
 [ 25  81 162]
 [ 25  81 162]]","[[ 11  46 110]
 [  9  44 108]
 [  8  43 107]
 ...
 [ 24  80 161]
 [ 24  80 161]
 [ 24  80 161]]","[[ 11  46 110]
 [  9  44 108]
 [  8  43 107]
 ...
 [ 25  81 162]
 [ 25  81 162]
 [ 25  81 162]]","[[ 11  46 110]
 [  9  44 108]
 [  8  43 107]
 ...
 [ 26  83 162]
 [ 26  83 162]
 [ 26  83 162]]","[[ 11  46 109]
 [  9  44 107]
 [  8  43 106]
 ...
 [ 27  84 163]
 [ 27  84 163]
 [ 27  84 163]]","[[ 11  46 109]
 [  9  44 107]
 [  8  43 106]
 ...
 [ 28  85 164]
 [ 28  85 164]
 [ 28  85 164]]","[[ 11  46 109]
 [  9  44 107]
 [  8  43 106]
 ...
 [ 27  84 163]
 [ 27  84 163]
 [ 27  84 163]]","[[ 11  46 109]
 [  9  44 107]
 [  8  43 106]
 ...
 [ 27  84 163]
 [ 27  84 163]
 [ 27  84 163]]","[[ 11  46 109]
 [  9  44 107]
 [  8  43 106]
 ...
 [ 26  83 162]
 [ 26  83 162]
 [ 26  83 162]]","[[  7  43 107]
 [  7  43 107]
 [  7  43 107]
 ...
 [ 22  84 162]
 [ 22  84 162]
 [ 22  84 162]]","[[  7  43 107]
 [  7  43 107]
 [  7  43 107]
 ...
 [ 23  85 163]
 [ 23  85 163]
 [ 23  85 163]]","[[  7  43 107]
 [  7  43 107]
 [  7  43 107]
 ...
 [ 23  85 163]
 [ 23  85 163]
 [ 23  85 163]]","[[  8  44 108]
 [  8  44 108]
 [  8  44 108]
 ...
 [ 23  85 163]
 [ 23  85 163]
 [ 23  85 163]]","[[  8  44 108]
 [  8  44 108]
 [  8  44 108]
 ...
 [ 24  86 164]
 [ 24  86 164]
 [ 24  86 164]]","[[  8  44 108]
 [  8  44 108]
 [  8  44 108]
 ...
 [ 24  86 164]
 [ 24  86 164]
 [ 24  86 164]]","[[  8  44 108]
 [  8  44 108]
 [  8  44 108]
 ...
 [ 24  86 164]
 [ 24  86 164]
 [ 24  86 164]]","[[  8  44 108]
 [  8  44 108]
 [  8  44 108]
 ...
 [ 24  86 164]
 [ 24  86 164]
 [ 24  86 164]]","[[  8  44 108]
 [  8  44 108]
 [  8  44 108]
 ...
 [ 24  86 164]
 [ 24  86 164]
 [ 24  86 164]]","[[  8  44 108]
 [  8  44 108]
 [  8  44 108]
 ...
 [ 24  86 164]
 [ 24  86 164]
 [ 24  86 164]]","[[  8  44 108]
 [  8  44 108]
 [  8  44 108]
 ...
 [ 23  87 165]
 [ 23  87 165]
 [ 23  87 165]]","[[  8  44 108]
 [  8  44 108]
 [  8  44 108]
 ...
 [ 23  87 165]
 [ 23  87 165]
 [ 23  87 165]]","[[  8  44 108]
 [  8  44 108]
 [  8  44 108]
 ...
 [ 24  88 166]
 [ 24  88 166]
 [ 24  88 166]]","[[  8  44 108]
 [  8  44 108]
 [  8  44 108]
 ...
 [ 24  88 166]
 [ 24  88 166]
 [ 24  88 166]]","[[  8  44 108]
 [  8  44 108]
 [  8  44 108]
 ...
 [ 25  89 167]
 [ 25  89 167]
 [ 25  89 167]]","[[  8  44 108]
 [  8  44 108]
 [  8  44 108]
 ...
 [ 25  89 167]
 [ 25  89 167]
 [ 25  89 167]]","[[  8  44 108]
 [  8  44 108]
 [  8  44 108]
 ...
 [ 24  89 164]
 [ 24  89 164]
 [ 24  89 164]]","[[  8  44 108]
 [  8  44 108]
 [  8  44 108]
 ...
 [ 24  89 164]
 [ 24  89 164]
 [ 24  89 164]]","[[  8  44 108]
 [  8  44 108]
 [  8  44 108]
 ...
 [ 24  89 164]
 [ 24  89 164]
 [ 24  89 164]]","[[  8  44 108]
 [  8  44 108]
 [  8  44 108]
 ...
 [ 24  89 164]
 [ 24  89 164]
 [ 24  89 164]]","[[  8  44 108]
 [  8  44 108]
 [  8  44 108]
 ...
 [ 24  89 164]
 [ 24  89 164]
 [ 24  89 164]]","[[  8  44 108]
 [  8  44 108]
 [  8  44 108]
 ...
 [ 24  89 164]
 [ 24  89 164]
 [ 24  89 164]]","[[  8  44 108]
 [  8  44 108]
 [  8  44 108]
 ...
 [ 24  89 164]
 [ 24  89 164]
 [ 24  89 164]]","[[  8  44 108]
 [  8  44 108]
 [  8  44 108]
 ...
 [ 24  89 163]
 [ 24  89 163]
 [ 24  89 163]]","[[  8  44 108]
 [  8  44 108]
 [  8  44 108]
 ...
 [ 25  90 164]
 [ 25  90 164]
 [ 25  90 164]]","[[  8  44 108]
 [  8  44 108]
 [  8  44 108]
 ...
 [ 25  90 164]
 [ 25  90 164]
 [ 25  90 164]]","[[  8  44 108]
 [  8  44 108]
 [  8  44 108]
 ...
 [ 25  90 164]
 [ 25  90 164]
 [ 25  90 164]]","[[  8  44 108]
 [  8  44 108]
 [  8  44 108]
 ...
 [ 26  91 165]
 [ 26  91 165]
 [ 26  91 165]]","[[  8  44 108]
 [  8  44 108]
 [  8  44 108]
 ...
 [ 26  91 165]
 [ 26  91 165]
 [ 26  91 165]]","[[  8  44 108]
 [  8  44 108]
 [  8  44 108]
 ...
 [ 26  91 165]
 [ 26  91 165]
 [ 26  91 165]]","[[  8  44 108]
 [  8  44 108]
 [  8  44 108]
 ...
 [ 26  91 165]
 [ 26  91 165]
 [ 26  91 165]]","[[  8  44 108]
 [  8  44 108]
 [  8  44 108]
 ...
 [ 27  92 166]
 [ 27  92 166]
 [ 27  92 166]]","[[  8  45 105]
 [  9  46 106]
 [  9  46 106]
 ...
 [ 27  95 162]
 [ 27  95 162]
 [ 27  95 162]]","[[  8  45 105]
 [  9  46 106]
 [  9  46 106]
 ...
 [ 27  95 162]
 [ 27  95 162]
 [ 27  95 162]]","[[  8  45 105]
 [  9  46 106]
 [  9  46 106]
 ...
 [ 27  95 162]
 [ 27  95 162]
 [ 27  95 162]]","[[  8  45 105]
 [  9  46 106]
 [  9  46 106]
 ...
 [ 27  95 162]
 [ 27  95 162]
 [ 27  95 162]]","[[  8  45 105]
 [  9  46 106]
 [  9  46 106]
 ...
 [ 27  95 162]
 [ 27  95 162]
 [ 27  95 162]]","[[  8  45 105]
 [  9  46 106]
 [  9  46 106]
 ...
 [ 27  95 162]
 [ 27  95 162]
 [ 27  95 162]]","[[  8  45 105]
 [  9  46 106]
 [  9  46 106]
 ...
 [ 27  95 162]
 [ 27  95 162]
 [ 27  95 162]]","[[  8  45 105]
 [  9  46 106]
 [  9  46 106]
 ...
 [ 27  95 162]
 [ 27  95 162]
 [ 27  95 162]]","[[  9  46 106]
 [  9  46 106]
 [  9  46 106]
 ...
 [ 27  95 162]
 [ 27  95 162]
 [ 27  95 162]]","[[  9  46 106]
 [  9  46 106]
 [  9  46 106]
 ...
 [ 27  95 162]
 [ 27  95 162]
 [ 27  95 162]]","[[  9  46 106]
 [  9  46 106]
 [  9  46 106]
 ...
 [ 27  95 162]
 [ 27  95 162]
 [ 27  95 162]]","[[  9  46 106]
 [  9  46 106]
 [  9  46 106]
 ...
 [ 27  95 162]
 [ 27  95 162]
 [ 27  95 162]]","[[  9  46 106]
 [  9  46 106]
 [  9  46 106]
 ...
 [ 27  95 162]
 [ 27  95 162]
 [ 27  95 162]]","[[  9  46 106]
 [  9  46 106]
 [  9  46 106]
 ...
 [ 26  94 161]
 [ 26  94 161]
 [ 26  94 161]]","[[  9  46 106]
 [  9  46 106]
 [  9  46 106]
 ...
 [ 26  94 161]
 [ 26  94 161]
 [ 26  94 161]]","[[  9  46 106]
 [  9  46 106]
 [  9  46 106]
 ...
 [ 26  94 161]
 [ 26  94 161]
 [ 26  94 161]]","[[  7  44 104]
 [  8  45 105]
 [ 10  47 107]
 ...
 [ 29  97 164]
 [ 29  97 164]
 [ 29  97 164]]","[[  7  44 104]
 [  8  45 105]
 [ 10  47 107]
 ...
 [ 30  98 165]
 [ 30  98 165]
 [ 30  98 165]]","[[  7  44 104]
 [  8  45 105]
 [ 10  47 107]
 ...
 [ 30  98 165]
 [ 30  98 165]
 [ 30  98 165]]","[[  7  44 104]
 [  8  45 105]
 [ 10  47 107]
 ...
 [ 27  95 162]
 [ 27  95 162]
 [ 27  95 162]]","[[  7  44 104]
 [  8  45 105]
 [ 10  47 107]
 ...
 [ 28  96 163]
 [ 28  96 163]
 [ 28  96 163]]","[[  7  44 104]
 [  8  45 105]
 [ 10  47 107]
 ...
 [ 31  99 166]
 [ 31  99 166]
 [ 31  99 166]]","[[  7  44 104]
 [  8  45 105]
 [ 10  47 107]
 ...
 [ 32 100 167]
 [ 32 100 167]
 [ 32 100 167]]","[[  7  44 104]
 [  8  45 105]
 [ 10  47 107]
 ...
 [ 31  99 166]
 [ 31  99 166]
 [ 31  99 166]]","[[  7  44 104]
 [  8  45 105]
 [ 10  47 107]
 ...
 [ 31  99 166]
 [ 31  99 166]
 [ 31  99 166]]","[[  7  44 104]
 [  8  45 105]
 [ 10  47 107]
 ...
 [ 31  99 166]
 [ 31  99 166]
 [ 31  99 166]]","[[  7  44 104]
 [  8  45 105]
 [ 10  47 107]
 ...
 [ 31  99 166]
 [ 31  99 166]
 [ 31  99 166]]","[[  7  44 104]
 [  8  45 105]
 [ 10  47 107]
 ...
 [ 31  99 166]
 [ 31  99 166]
 [ 31  99 166]]","[[  7  44 104]
 [  8  45 105]
 [ 10  47 107]
 ...
 [ 32 100 167]
 [ 32 100 167]
 [ 32 100 167]]","[[  7  44 104]
 [  8  45 105]
 [ 10  47 107]
 ...
 [ 32 100 167]
 [ 32 100 167]
 [ 32 100 167]]","[[  7  44 104]
 [  8  45 105]
 [ 10  47 107]
 ...
 [ 32 100 167]
 [ 32 100 167]
 [ 32 100 167]]","[[  7  44 104]
 [  8  45 105]
 [ 10  47 107]
 ...
 [ 32 100 167]
 [ 32 100 167]
 [ 32 100 167]]","[[ 12  48 108]
 [ 12  48 108]
 [ 12  48 108]
 ...
 [ 34  97 165]
 [ 34  97 165]
 [ 34  97 165]]","[[ 12  48 108]
 [ 12  48 108]
 [ 12  48 108]
 ...
 [ 34  97 165]
 [ 34  97 165]
 [ 34  97 165]]","[[ 12  48 108]
 [ 12  48 108]
 [ 12  48 108]
 ...
 [ 34  97 165]
 [ 34  97 165]
 [ 34  97 165]]","[[ 12  48 108]
 [ 12  48 108]
 [ 12  48 108]
 ...
 [ 34  97 165]
 [ 34  97 165]
 [ 34  97 165]]","[[ 12  48 108]
 [ 12  48 108]
 [ 12  48 108]
 ...
 [ 34  97 165]
 [ 34  97 165]
 [ 34  97 165]]","[[ 13  49 109]
 [ 13  49 109]
 [ 13  49 109]
 ...
 [ 34  97 165]
 [ 34  97 165]
 [ 34  97 165]]","[[ 13  49 109]
 [ 13  49 109]
 [ 13  49 109]
 ...
 [ 34  97 165]
 [ 34  97 165]
 [ 34  97 165]]","[[ 13  49 109]
 [ 13  49 109]
 [ 13  49 109]
 ...
 [ 34  97 165]
 [ 34  97 165]
 [ 34  97 165]]","[[ 12  48 108]
 [ 12  48 108]
 [ 12  48 108]
 ...
 [ 34  97 165]
 [ 34  97 165]
 [ 34  97 165]]","[[ 13  49 109]
 [ 13  49 109]
 [ 13  49 109]
 ...
 [ 34  97 165]
 [ 34  97 165]
 [ 34  97 165]]","[[ 14  50 110]
 [ 14  50 110]
 [ 14  50 110]
 ...
 [ 34  97 165]
 [ 34  97 165]
 [ 34  97 165]]","[[ 15  51 111]
 [ 15  51 111]
 [ 15  51 111]
 ...
 [ 34  97 165]
 [ 34  97 165]
 [ 34  97 165]]","[[ 15  51 111]
 [ 15  51 111]
 [ 15  51 111]
 ...
 [ 34  97 165]
 [ 34  97 165]
 [ 34  97 165]]","[[ 14  50 110]
 [ 14  50 110]
 [ 14  50 110]
 ...
 [ 34  97 165]
 [ 34  97 165]
 [ 34  97 165]]","[[ 13  49 109]
 [ 13  49 109]
 [ 13  49 109]
 ...
 [ 34  97 165]
 [ 34  97 165]
 [ 34  97 165]]","[[ 13  49 109]
 [ 13  49 109]
 [ 13  49 109]
 ...
 [ 34  97 165]
 [ 34  97 165]
 [ 34  97 165]]","[[  9  45 105]
 [ 11  47 107]
 [  9  45 105]
 ...
 [ 33  96 164]
 [ 33  96 164]
 [ 33  96 164]]","[[  9  45 105]
 [ 11  47 107]
 [  9  45 105]
 ...
 [ 33  96 164]
 [ 33  96 164]
 [ 33  96 164]]","[[  9  45 105]
 [ 11  47 107]
 [  9  45 105]
 ...
 [ 33  96 164]
 [ 33  96 164]
 [ 33  96 164]]","[[  9  45 105]
 [ 11  47 107]
 [  9  45 105]
 ...
 [ 33  96 164]
 [ 33  96 164]
 [ 33  96 164]]","[[  9  45 105]
 [ 11  47 107]
 [  9  45 105]
 ...
 [ 33  96 164]
 [ 33  96 164]
 [ 33  96 164]]","[[  9  45 105]
 [ 11  47 107]
 [  9  45 105]
 ...
 [ 33  96 164]
 [ 33  96 164]
 [ 33  96 164]]","[[  9  45 105]
 [ 11  47 107]
 [  9  45 105]
 ...
 [ 33  96 164]
 [ 33  96 164]
 [ 33  96 164]]","[[  9  45 105]
 [ 11  47 107]
 [  9  45 105]
 ...
 [ 33  96 164]
 [ 33  96 164]
 [ 33  96 164]]","[[  9  45 105]
 [ 11  47 107]
 [  9  45 105]
 ...
 [ 33  96 164]
 [ 33  96 164]
 [ 33  96 164]]","[[  9  45 105]
 [ 11  47 107]
 [  9  45 105]
 ...
 [ 33  96 164]
 [ 33  96 164]
 [ 33  96 164]]","[[  9  45 105]
 [ 11  47 107]
 [  9  45 105]
 ...
 [ 33  96 164]
 [ 33  96 164]
 [ 33  96 164]]","[[  9  45 105]
 [ 11  47 107]
 [  9  45 105]
 ...
 [ 33  96 164]
 [ 33  96 164]
 [ 33  96 164]]","[[  9  45 105]
 [ 11  47 107]
 [  9  45 105]
 ...
 [ 33  96 164]
 [ 33  96 164]
 [ 33  96 164]]","[[  9  45 105]
 [ 11  47 107]
 [  9  45 105]
 ...
 [ 33  96 164]
 [ 33  96 164]
 [ 33  96 164]]","[[  9  45 105]
 [ 11  47 107]
 [  9  45 105]
 ...
 [ 33  96 164]
 [ 33  96 164]
 [ 33  96 164]]","[[  9  45 105]
 [ 11  47 107]
 [  9  45 105]
 ...
 [ 33  96 164]
 [ 33  96 164]
 [ 33  96 164]]","[[ 14  49 112]
 [ 14  49 112]
 [ 13  48 111]
 ...
 [ 39  95 166]
 [ 39  95 166]
 [ 39  95 166]]","[[ 14  49 112]
 [ 14  49 112]
 [ 13  48 111]
 ...
 [ 39  95 166]
 [ 39  95 166]
 [ 39  95 166]]","[[ 14  49 112]
 [ 14  49 112]
 [ 13  48 111]
 ...
 [ 39  95 166]
 [ 39  95 166]
 [ 39  95 166]]","[[ 14  49 112]
 [ 14  49 112]
 [ 13  48 111]
 ...
 [ 39  95 166]
 [ 39  95 166]
 [ 39  95 166]]","[[ 14  49 112]
 [ 14  49 112]
 [ 13  48 111]
 ...
 [ 39  95 166]
 [ 39  95 166]
 [ 39  95 166]]","[[ 14  49 112]
 [ 14  49 112]
 [ 13  48 111]
 ...
 [ 39  95 166]
 [ 39  95 166]
 [ 39  95 166]]","[[ 14  49 112]
 [ 14  49 112]
 [ 13  48 111]
 ...
 [ 39  95 166]
 [ 39  95 166]
 [ 39  95 166]]","[[ 14  49 112]
 [ 14  49 112]
 [ 13  48 111]
 ...
 [ 39  95 166]
 [ 39  95 166]
 [ 39  95 166]]","[[ 14  49 112]
 [ 14  49 112]
 [ 13  48 111]
 ...
 [ 39  95 166]
 [ 39  95 166]
 [ 39  95 166]]","[[ 14  49 112]
 [ 14  49 112]
 [ 13  48 111]
 ...
 [ 39  95 166]
 [ 39  95 166]
 [ 39  95 166]]","[[ 14  49 112]
 [ 14  49 112]
 [ 13  48 111]
 ...
 [ 39  95 166]
 [ 39  95 166]
 [ 39  95 166]]","[[ 14  49 112]
 [ 14  49 112]
 [ 13  48 111]
 ...
 [ 39  95 166]
 [ 39  95 166]
 [ 39  95 166]]","[[ 14  49 112]
 [ 14  49 112]
 [ 13  48 111]
 ...
 [ 39  95 166]
 [ 39  95 166]
 [ 39  95 166]]","[[ 14  49 112]
 [ 14  49 112]
 [ 13  48 111]
 ...
 [ 39  95 166]
 [ 39  95 166]
 [ 39  95 166]]","[[ 14  49 112]
 [ 14  49 112]
 [ 13  48 111]
 ...
 [ 39  95 166]
 [ 39  95 166]
 [ 39  95 166]]","[[ 14  49 112]
 [ 14  49 112]
 [ 13  48 111]
 ...
 [ 39  95 166]
 [ 39  95 166]
 [ 39  95 166]]","[[ 12  47 110]
 [ 12  47 110]
 [ 12  47 110]
 ...
 [ 37  93 164]
 [ 37  93 164]
 [ 37  93 164]]","[[ 12  47 110]
 [ 12  47 110]
 [ 12  47 110]
 ...
 [ 37  93 164]
 [ 37  93 164]
 [ 37  93 164]]","[[ 12  47 110]
 [ 12  47 110]
 [ 12  47 110]
 ...
 [ 37  93 164]
 [ 37  93 164]
 [ 37  93 164]]","[[ 12  47 110]
 [ 12  47 110]
 [ 12  47 110]
 ...
 [ 38  94 165]
 [ 38  94 165]
 [ 38  94 165]]","[[ 12  47 110]
 [ 12  47 110]
 [ 12  47 110]
 ...
 [ 38  94 165]
 [ 38  94 165]
 [ 38  94 165]]","[[ 12  47 110]
 [ 12  47 110]
 [ 12  47 110]
 ...
 [ 38  94 165]
 [ 38  94 165]
 [ 38  94 165]]","[[ 12  47 110]
 [ 12  47 110]
 [ 12  47 110]
 ...
 [ 38  94 165]
 [ 38  94 165]
 [ 38  94 165]]","[[ 12  47 110]
 [ 12  47 110]
 [ 12  47 110]
 ...
 [ 39  95 166]
 [ 39  95 166]
 [ 39  95 166]]","[[ 12  47 110]
 [ 12  47 110]
 [ 12  47 110]
 ...
 [ 39  95 166]
 [ 39  95 166]
 [ 39  95 166]]","[[ 12  47 110]
 [ 12  47 110]
 [ 12  47 110]
 ...
 [ 39  95 166]
 [ 39  95 166]
 [ 39  95 166]]","[[ 12  47 110]
 [ 12  47 110]
 [ 12  47 110]
 ...
 [ 39  95 166]
 [ 39  95 166]
 [ 39  95 166]]","[[ 12  47 110]
 [ 12  47 110]
 [ 12  47 110]
 ...
 [ 39  95 166]
 [ 39  95 166]
 [ 39  95 166]]","[[ 12  47 110]
 [ 12  47 110]
 [ 12  47 110]
 ...
 [ 39  95 166]
 [ 39  95 166]
 [ 39  95 166]]","[[ 12  47 110]
 [ 12  47 110]
 [ 12  47 110]
 ...
 [ 40  96 167]
 [ 40  96 167]
 [ 40  96 167]]","[[ 12  47 110]
 [ 12  47 110]
 [ 12  47 110]
 ...
 [ 40  96 167]
 [ 40  96 167]
 [ 40  96 167]]","[[ 12  47 110]
 [ 12  47 110]
 [ 12  47 110]
 ...
 [ 40  96 167]
 [ 40  96 167]
 [ 40  96 167]]","[[  9  46 106]
 [  9  46 106]
 [  9  46 106]
 ...
 [ 39 100 168]
 [ 39 100 168]
 [ 39 100 168]]","[[  9  46 106]
 [  9  46 106]
 [  9  46 106]
 ...
 [ 39 100 168]
 [ 39 100 168]
 [ 39 100 168]]","[[  9  46 106]
 [  9  46 106]
 [  9  46 106]
 ...
 [ 39 100 168]
 [ 39 100 168]
 [ 39 100 168]]","[[  9  46 106]
 [  9  46 106]
 [  9  46 106]
 ...
 [ 38  99 167]
 [ 38  99 167]
 [ 38  99 167]]","[[  9  47 105]
 [ 10  47 105]
 [ 10  47 105]
 ...
 [ 38  99 167]
 [ 38  99 167]
 [ 38  99 167]]","[[ 10  47 105]
 [ 10  47 105]
 [ 10  47 105]
 ...
 [ 38  99 167]
 [ 38  99 167]
 [ 38  99 167]]","[[ 10  47 105]
 [ 10  47 105]
 [ 10  47 105]
 ...
 [ 37  98 166]
 [ 37  98 166]
 [ 37  98 166]]","[[ 10  47 103]
 [ 10  47 103]
 [ 10  47 103]
 ...
 [ 37  98 166]
 [ 37  98 166]
 [ 37  98 166]]","[[  9  46 102]
 [  9  46 102]
 [ 10  47 103]
 ...
 [ 38  99 167]
 [ 38  99 167]
 [ 38  99 167]]","[[  9  46 102]
 [  9  46 102]
 [ 10  47 103]
 ...
 [ 39  98 167]
 [ 39  98 167]
 [ 39  98 167]]","[[  9  47 101]
 [  9  47 101]
 [ 10  48 102]
 ...
 [ 39  98 167]
 [ 39  98 167]
 [ 39  98 167]]","[[  9  47 101]
 [  9  47 101]
 [ 10  48 102]
 ...
 [ 39  98 167]
 [ 39  98 167]
 [ 39  98 167]]","[[  9  47 101]
 [  9  47 101]
 [ 12  48 102]
 ...
 [ 40  99 168]
 [ 40  99 168]
 [ 40  99 168]]","[[ 11  48 100]
 [ 11  48 100]
 [ 12  49 101]
 ...
 [ 40  99 168]
 [ 40  99 168]
 [ 40  99 168]]","[[ 11  48 100]
 [ 11  48 100]
 [ 12  49 101]
 ...
 [ 41 100 169]
 [ 41 100 169]
 [ 41 100 169]]","[[ 11  48 100]
 [ 11  48 100]
 [ 12  49 101]
 ...
 [ 41 100 169]
 [ 41 100 169]
 [ 41 100 169]]","[[ 19  55 101]
 [ 19  55 101]
 [ 19  55 101]
 ...
 [ 43 104 168]
 [ 43 103 169]
 [ 43 103 169]]","[[ 21  55 101]
 [ 19  55 101]
 [ 19  55 101]
 ...
 [ 45 103 168]
 [ 45 103 168]
 [ 45 103 169]]","[[ 22  57 101]
 [ 19  56 100]
 [ 19  56 100]
 ...
 [ 48 104 169]
 [ 48 104 169]
 [ 48 104 169]]","[[ 22  57 101]
 [ 22  57 101]
 [ 20  57 101]
 ...
 [ 51 104 167]
 [ 51 103 169]
 [ 50 104 169]]","[[ 23  58 102]
 [ 23  58 102]
 [ 21  58 102]
 ...
 [ 53 104 167]
 [ 53 104 167]
 [ 53 104 167]]","[[ 23  58 101]
 [ 23  58 101]
 [ 21  59 101]
 ...
 [ 55 104 166]
 [ 55 104 166]
 [ 55 104 166]]","[[ 24  59 102]
 [ 24  59 102]
 [ 24  59 102]
 ...
 [ 57 104 165]
 [ 55 104 166]
 [ 55 104 166]]","[[ 24  60 100]
 [ 24  60 100]
 [ 24  60 100]
 ...
 [ 57 104 165]
 [ 57 104 165]
 [ 55 105 165]]","[[ 23  59  99]
 [ 23  59  99]
 [ 23  59  99]
 ...
 [ 60 108 166]
 [ 60 108 166]
 [ 58 108 166]]","[[ 24  61  99]
 [ 24  61  99]
 [ 24  61  99]
 ...
 [ 61 110 166]
 [ 61 110 166]
 [ 58 109 165]]","[[ 26  62 100]
 [ 25  62 100]
 [ 25  62 100]
 ...
 [ 62 112 165]
 [ 62 112 165]
 [ 61 111 164]]","[[ 28  64 100]
 [ 28  64 100]
 [ 27  65 100]
 ...
 [ 65 112 166]
 [ 65 112 166]
 [ 65 112 166]]","[[ 30  66 102]
 [ 30  66 102]
 [ 29  67 102]
 ...
 [ 69 113 166]
 [ 69 113 166]
 [ 67 114 166]]","[[ 32  69 103]
 [ 32  69 103]
 [ 31  69 103]
 ...
 [ 73 116 167]
 [ 72 114 167]
 [ 72 114 167]]","[[ 33  70 104]
 [ 33  70 104]
 [ 33  70 104]
 ...
 [ 77 116 168]
 [ 75 115 167]
 [ 75 115 167]]","[[ 34  71 105]
 [ 34  71 105]
 [ 34  71 105]
 ...
 [ 77 116 168]
 [ 77 116 168]
 [ 77 116 168]]","[[ 29  73 104]
 [ 29  73 104]
 [ 29  73 104]
 ...
 [ 87 120 166]
 [ 87 120 166]
 [ 86 120 166]]","[[ 29  73 104]
 [ 29  73 104]
 [ 29  73 102]
 ...
 [ 88 121 167]
 [ 87 120 166]
 [ 87 120 166]]","[[ 30  74 103]
 [ 30  74 103]
 [ 30  74 103]
 ...
 [ 89 122 168]
 [ 89 122 168]
 [ 88 121 167]]","[[ 33  75 104]
 [ 33  75 104]
 [ 33  75 104]
 ...
 [ 92 123 168]
 [ 92 123 168]
 [ 92 123 168]]","[[ 34  76 105]
 [ 34  76 105]
 [ 33  75 104]
 ...
 [ 96 125 169]
 [ 94 126 169]
 [ 94 126 169]]","[[ 34  76 105]
 [ 34  76 105]
 [ 36  76 105]
 ...
 [ 98 127 171]
 [ 97 126 170]
 [ 97 126 170]]","[[ 37  77 106]
 [ 37  77 106]
 [ 37  77 106]
 ...
 [101 129 170]
 [101 129 170]
 [100 128 169]]","[[ 37  77 105]
 [ 37  77 105]
 [ 38  77 105]
 ...
 [103 129 169]
 [103 129 169]
 [103 129 169]]","[[ 40  79 107]
 [ 40  79 107]
 [ 40  79 107]
 ...
 [105 131 168]
 [105 131 168]
 [105 131 168]]","[[ 44  81 109]
 [ 44  81 109]
 [ 44  81 109]
 ...
 [108 131 169]
 [108 131 169]
 [108 131 169]]","[[ 46  83 111]
 [ 46  83 111]
 [ 46  83 109]
 ...
 [111 133 169]
 [111 133 169]
 [111 133 169]]","[[ 46  83 109]
 [ 48  83 109]
 [ 48  83 109]
 ...
 [115 135 170]
 [115 135 170]
 [115 135 170]]","[[ 48  83 109]
 [ 48  83 109]
 [ 48  83 109]
 ...
 [117 138 170]
 [116 137 169]
 [116 137 169]]","[[ 48  83 109]
 [ 48  83 109]
 [ 48  83 109]
 ...
 [119 138 171]
 [119 138 171]
 [119 138 171]]","[[ 50  85 111]
 [ 50  85 111]
 [ 52  85 111]
 ...
 [120 139 172]
 [120 139 172]
 [120 139 172]]","[[ 54  87 113]
 [ 54  87 113]
 [ 54  87 113]
 ...
 [123 140 173]
 [121 140 173]
 [121 140 173]]","[[ 58  90 113]
 [ 58  90 113]
 [ 58  90 113]
 ...
 [131 143 171]
 [131 143 171]
 [130 142 170]]","[[ 57  89 112]
 [ 57  89 112]
 [ 57  89 112]
 ...
 [132 143 171]
 [132 143 171]
 [131 143 171]]","[[ 57  89 112]
 [ 57  89 112]
 [ 57  89 112]
 ...
 [134 146 170]
 [134 146 170]
 [133 145 169]]","[[ 57  89 112]
 [ 58  89 112]
 [ 58  89 112]
 ...
 [137 148 170]
 [137 148 170]
 [137 148 170]]","[[ 59  90 113]
 [ 59  90 111]
 [ 59  90 111]
 ...
 [141 150 170]
 [141 150 170]
 [141 150 170]]","[[ 61  92 113]
 [ 61  92 113]
 [ 61  92 113]
 ...
 [146 152 171]
 [145 152 171]
 [145 152 171]]","[[ 62  93 114]
 [ 64  93 114]
 [ 64  93 114]
 ...
 [149 153 171]
 [149 153 171]
 [147 154 171]]","[[ 66  95 116]
 [ 66  95 116]
 [ 66  95 116]
 ...
 [152 154 172]
 [152 154 172]
 [151 153 171]]","[[ 66  95 116]
 [ 66  95 116]
 [ 66  95 116]
 ...
 [155 155 173]
 [155 155 173]
 [155 155 173]]","[[ 69  96 117]
 [ 69  96 117]
 [ 69  96 117]
 ...
 [157 155 175]
 [156 155 175]
 [155 154 174]]","[[ 71  98 119]
 [ 71  98 119]
 [ 71  98 119]
 ...
 [158 156 175]
 [158 156 175]
 [158 156 175]]","[[ 73 100 121]
 [ 73 100 121]
 [ 75  99 121]
 ...
 [162 159 175]
 [161 158 174]
 [159 158 174]]","[[ 76 100 122]
 [ 76 100 122]
 [ 76 101 121]
 ...
 [163 160 175]
 [163 160 175]
 [163 160 175]]","[[ 76 101 121]
 [ 76 101 121]
 [ 76 101 121]
 ...
 [165 164 174]
 [165 164 174]
 [165 164 174]]","[[ 76 101 121]
 [ 76 101 121]
 [ 76 101 121]
 ...
 [166 165 174]
 [166 165 174]
 [166 165 174]]","[[ 76 101 121]
 [ 76 101 121]
 [ 75 100 120]
 ...
 [167 167 173]
 [167 167 173]
 [167 167 173]]","[[ 83 104 126]
 [ 83 104 126]
 [ 83 104 125]
 ...
 [174 170 176]
 [174 170 176]
 [171 169 175]]","[[ 83 104 126]
 [ 83 104 126]
 [ 83 104 125]
 ...
 [174 170 176]
 [174 170 176]
 [172 170 176]]","[[ 84 105 127]
 [ 84 105 126]
 [ 84 105 126]
 ...
 [175 171 177]
 [175 171 177]
 [175 171 177]]","[[ 85 106 127]
 [ 85 106 127]
 [ 84 105 126]
 ...
 [176 172 177]
 [176 172 177]
 [176 172 177]]","[[ 85 106 127]
 [ 85 106 127]
 [ 87 106 127]
 ...
 [177 173 178]
 [177 173 178]
 [177 173 178]]","[[ 88 107 128]
 [ 88 107 128]
 [ 88 107 128]
 ...
 [178 174 179]
 [178 174 179]
 [178 174 179]]","[[ 89 108 129]
 [ 89 108 129]
 [ 89 108 129]
 ...
 [181 176 178]
 [181 176 178]
 [179 176 178]]","[[ 89 108 129]
 [ 91 108 129]
 [ 91 108 129]
 ...
 [181 176 178]
 [181 176 178]
 [181 176 178]]","[[ 93 110 131]
 [ 93 110 131]
 [ 93 110 131]
 ...
 [182 177 179]
 [182 177 179]
 [182 177 179]]","[[ 93 110 131]
 [ 93 110 131]
 [ 95 109 131]
 ...
 [183 178 179]
 [183 178 179]
 [183 178 179]]","[[ 96 110 132]
 [ 96 110 132]
 [ 96 111 130]
 ...
 [185 179 180]
 [185 179 180]
 [184 179 180]]","[[ 97 112 131]
 [ 97 112 131]
 [ 97 112 131]
 ...
 [186 181 180]
 [186 181 180]
 [186 181 180]]","[[ 97 112 131]
 [ 97 112 131]
 [ 98 112 131]
 ...
 [188 183 182]
 [188 183 182]
 [188 183 182]]","[[ 99 113 132]
 [ 99 113 132]
 [ 99 113 132]
 ...
 [190 185 184]
 [190 185 184]
 [189 184 183]]","[[100 114 133]
 [100 114 133]
 [100 114 133]
 ...
 [191 186 185]
 [191 186 185]
 [191 186 185]]","[[100 114 133]
 [100 114 133]
 [100 114 133]
 ...
 [191 186 185]
 [191 186 185]
 [191 186 185]]","[[103 116 130]
 [103 116 130]
 [102 115 129]
 ...
 [197 188 185]
 [197 188 185]
 [197 188 185]]","[[104 117 131]
 [104 117 131]
 [104 117 131]
 ...
 [198 189 186]
 [198 189 186]
 [198 189 186]]","[[106 119 133]
 [106 119 133]
 [106 119 133]
 ...
 [198 189 186]
 [198 189 186]
 [198 189 186]]","[[108 121 135]
 [108 121 135]
 [107 120 134]
 ...
 [199 190 186]
 [199 190 186]
 [199 190 186]]","[[109 122 136]
 [109 122 136]
 [108 121 135]
 ...
 [200 191 187]
 [200 191 187]
 [200 191 187]]","[[111 122 136]
 [111 122 136]
 [111 122 136]
 ...
 [202 191 187]
 [202 191 187]
 [202 191 187]]","[[111 123 135]
 [111 123 135]
 [110 122 134]
 ...
 [203 192 188]
 [203 192 188]
 [203 192 188]]","[[111 123 135]
 [110 122 134]
 [110 122 134]
 ...
 [203 193 186]
 [203 193 186]
 [203 193 186]]","[[111 123 135]
 [110 122 134]
 [112 121 134]
 ...
 [204 192 186]
 [204 192 186]
 [203 191 185]]","[[113 122 135]
 [113 122 135]
 [113 122 135]
 ...
 [206 194 188]
 [206 194 188]
 [205 193 187]]","[[114 124 134]
 [114 124 134]
 [114 124 134]
 ...
 [208 196 190]
 [207 195 189]
 [207 195 189]]","[[115 125 135]
 [115 125 135]
 [115 125 135]
 ...
 [208 197 189]
 [208 197 189]
 [207 196 188]]","[[117 127 137]
 [117 127 137]
 [117 127 137]
 ...
 [207 196 188]
 [207 196 188]
 [207 196 188]]","[[118 128 138]
 [119 128 138]
 [119 128 138]
 ...
 [210 197 189]
 [209 196 188]
 [209 196 188]]","[[120 129 139]
 [120 129 139]
 [120 129 139]
 ...
 [211 198 190]
 [211 198 190]
 [211 198 190]]","[[120 129 139]
 [120 129 139]
 [120 129 139]
 ...
 [213 200 192]
 [213 200 192]
 [213 200 192]]","[[123 131 138]
 [123 130 139]
 [123 130 139]
 ...
 [216 202 190]
 [216 202 190]
 [216 202 190]]","[[124 132 139]
 [124 131 140]
 [124 131 140]
 ...
 [216 202 190]
 [216 202 190]
 [216 202 190]]","[[125 133 140]
 [125 133 140]
 [125 132 141]
 ...
 [216 202 190]
 [216 202 190]
 [216 202 190]]","[[126 134 141]
 [126 134 141]
 [126 133 142]
 ...
 [217 203 191]
 [217 203 191]
 [216 202 190]]","[[127 135 142]
 [127 135 142]
 [127 135 142]
 ...
 [217 203 191]
 [217 203 191]
 [217 203 191]]","[[128 136 143]
 [128 136 143]
 [128 136 143]
 ...
 [217 203 191]
 [217 203 191]
 [217 203 191]]","[[129 137 144]
 [129 137 144]
 [131 137 144]
 ...
 [217 203 191]
 [217 203 191]
 [217 203 191]]","[[132 138 145]
 [132 138 145]
 [131 137 144]
 ...
 [217 203 191]
 [217 203 191]
 [217 203 191]]","[[132 138 145]
 [132 138 145]
 [132 138 145]
 ...
 [217 203 191]
 [217 203 191]
 [217 203 191]]","[[133 139 146]
 [133 139 146]
 [133 139 146]
 ...
 [217 203 191]
 [217 203 191]
 [217 203 191]]","[[134 140 145]
 [134 140 147]
 [134 140 147]
 ...
 [218 204 192]
 [217 203 191]
 [217 203 191]]","[[135 141 146]
 [135 141 146]
 [135 141 148]
 ...
 [218 204 192]
 [218 204 192]
 [218 204 192]]","[[136 142 147]
 [136 142 147]
 [136 142 149]
 ...
 [218 204 192]
 [218 204 192]
 [218 204 192]]","[[137 143 148]
 [137 143 148]
 [137 143 148]
 ...
 [218 204 192]
 [218 204 192]
 [218 204 192]]","[[138 144 149]
 [138 144 149]
 [138 144 149]
 ...
 [219 205 193]
 [218 204 192]
 [218 204 192]]","[[139 145 150]
 [139 145 150]
 [139 145 150]
 ...
 [219 205 193]
 [219 205 193]
 [218 204 192]]","[[139 145 152]
 [139 145 152]
 [139 145 152]
 ...
 [218 204 192]
 [218 204 192]
 [218 204 192]]","[[140 146 153]
 [139 145 152]
 [139 145 152]
 ...
 [218 204 192]
 [218 204 192]
 [218 204 192]]","[[140 146 153]
 [140 146 153]
 [139 145 152]
 ...
 [218 204 192]
 [218 204 192]
 [218 204 192]]","[[140 146 153]
 [140 146 153]
 [140 146 153]
 ...
 [218 204 192]
 [218 204 192]
 [218 204 192]]","[[141 147 154]
 [141 147 154]
 [142 145 153]
 ...
 [218 204 192]
 [218 204 192]
 [218 204 192]]","[[142 148 155]
 [143 146 154]
 [143 146 154]
 ...
 [218 204 192]
 [218 204 192]
 [218 204 192]]","[[144 147 155]
 [144 147 155]
 [143 146 154]
 ...
 [218 204 192]
 [218 204 192]
 [218 204 192]]","[[144 147 155]
 [144 147 155]
 [143 146 154]
 ...
 [218 204 192]
 [218 204 192]
 [218 204 192]]","[[146 149 157]
 [145 148 156]
 [144 147 155]
 ...
 [218 204 192]
 [218 204 192]
 [218 204 192]]","[[146 149 157]
 [145 148 156]
 [144 147 155]
 ...
 [218 204 192]
 [218 204 192]
 [218 204 192]]","[[147 150 158]
 [146 149 157]
 [145 148 156]
 ...
 [218 204 192]
 [218 204 192]
 [218 204 192]]","[[147 150 158]
 [146 149 157]
 [145 148 156]
 ...
 [218 204 192]
 [218 204 192]
 [218 204 192]]","[[148 151 159]
 [147 150 158]
 [147 149 157]
 ...
 [218 204 192]
 [218 204 192]
 [218 204 192]]","[[148 151 159]
 [147 150 158]
 [147 149 157]
 ...
 [218 204 192]
 [218 204 192]
 [218 204 192]]","[[149 152 160]
 [149 151 159]
 [148 150 158]
 ...
 [218 204 192]
 [218 204 192]
 [218 204 192]]","[[149 152 160]
 [149 151 159]
 [148 150 158]
 ...
 [218 204 192]
 [218 204 192]
 [218 204 192]]","[[147 149 159]
 [147 149 159]
 [147 149 160]
 ...
 [216 204 194]
 [216 204 192]
 [216 204 192]]","[[148 150 160]
 [148 150 160]
 [148 150 161]
 ...
 [216 204 194]
 [216 204 192]
 [216 204 192]]","[[148 150 160]
 [148 150 161]
 [148 150 161]
 ...
 [216 204 194]
 [216 204 192]
 [216 204 192]]","[[148 150 161]
 [148 150 161]
 [148 150 161]
 ...
 [216 204 194]
 [216 204 192]
 [216 204 192]]","[[148 150 161]
 [148 150 161]
 [148 150 161]
 ...
 [216 204 194]
 [216 204 192]
 [215 203 191]]","[[149 151 162]
 [149 151 162]
 [149 151 162]
 ...
 [215 203 193]
 [215 203 191]
 [215 203 191]]","[[149 151 162]
 [149 151 162]
 [149 150 164]
 ...
 [215 203 193]
 [215 203 191]
 [215 203 191]]","[[149 150 164]
 [149 150 164]
 [147 150 164]
 ...
 [215 203 193]
 [215 203 191]
 [215 203 191]]","[[149 150 164]
 [147 150 164]
 [147 150 164]
 ...
 [215 203 193]
 [215 203 191]
 [215 203 191]]","[[147 150 164]
 [147 150 164]
 [147 150 164]
 ...
 [215 203 193]
 [215 203 191]
 [215 203 191]]","[[148 151 165]
 [148 151 165]
 [148 151 166]
 ...
 [215 203 193]
 [215 203 191]
 [215 203 191]]","[[148 151 166]
 [148 151 166]
 [148 151 166]
 ...
 [215 203 193]
 [215 203 191]
 [215 203 191]]","[[149 152 167]
 [149 152 167]
 [149 152 167]
 ...
 [215 203 193]
 [215 203 191]
 [215 203 191]]","[[150 153 168]
 [150 153 168]
 [150 153 168]
 ...
 [215 203 193]
 [215 203 191]
 [215 203 191]]","[[150 153 168]
 [150 153 168]
 [150 153 168]
 ...
 [215 203 193]
 [215 203 191]
 [215 203 191]]","[[150 153 168]
 [150 153 168]
 [150 153 168]
 ...
 [215 203 193]
 [215 203 191]
 [215 203 191]]","[[149 151 169]
 [149 151 169]
 [149 151 169]
 ...
 [212 203 190]
 [212 203 190]
 [212 203 190]]","[[149 151 169]
 [149 151 169]
 [149 151 169]
 ...
 [212 203 190]
 [212 203 190]
 [212 203 190]]","[[149 151 169]
 [149 151 169]
 [149 151 169]
 ...
 [212 203 190]
 [212 203 190]
 [212 203 190]]","[[149 151 169]
 [149 151 169]
 [149 151 169]
 ...
 [212 203 190]
 [212 203 190]
 [212 203 190]]","[[149 150 170]
 [149 151 169]
 [149 151 169]
 ...
 [212 203 190]
 [212 203 190]
 [212 203 190]]","[[149 150 170]
 [149 150 170]
 [149 151 169]
 ...
 [212 203 190]
 [212 203 190]
 [212 203 190]]","[[149 150 170]
 [149 150 170]
 [149 150 170]
 ...
 [212 203 190]
 [212 203 190]
 [212 203 190]]","[[149 150 170]
 [149 150 170]
 [149 150 170]
 ...
 [212 203 190]
 [212 203 190]
 [212 203 190]]","[[150 151 171]
 [150 151 171]
 [150 151 171]
 ...
 [213 204 191]
 [213 204 191]
 [212 203 190]]","[[150 151 171]
 [150 151 171]
 [150 151 171]
 ...
 [213 204 191]
 [212 203 190]
 [212 203 190]]","[[150 151 171]
 [150 151 171]
 [150 151 171]
 ...
 [212 203 190]
 [212 203 190]
 [212 203 190]]","[[151 152 172]
 [151 152 172]
 [151 152 172]
 ...
 [212 203 190]
 [212 203 190]
 [212 203 190]]","[[151 152 173]
 [151 152 172]
 [151 152 172]
 ...
 [212 203 190]
 [212 203 190]
 [212 203 190]]","[[151 152 173]
 [151 152 173]
 [151 152 172]
 ...
 [212 203 190]
 [212 203 190]
 [212 203 190]]","[[151 152 173]
 [151 152 173]
 [151 152 172]
 ...
 [212 203 190]
 [212 203 190]
 [212 203 190]]","[[151 152 173]
 [151 152 173]
 [151 152 172]
 ...
 [212 203 190]
 [212 203 190]
 [212 203 190]]","[[151 154 169]
 [151 154 169]
 [151 154 169]
 ...
 [209 200 187]
 [209 200 187]
 [209 200 187]]","[[151 154 169]
 [151 154 169]
 [151 154 169]
 ...
 [209 200 187]
 [209 200 187]
 [209 200 187]]","[[151 154 169]
 [151 154 169]
 [151 154 169]
 ...
 [211 199 187]
 [211 199 187]
 [211 199 187]]","[[151 154 169]
 [151 154 169]
 [151 154 169]
 ...
 [211 199 187]
 [211 199 187]
 [211 199 189]]","[[151 154 169]
 [152 155 170]
 [152 155 170]
 ...
 [211 199 187]
 [211 199 189]
 [211 199 189]]","[[152 155 170]
 [152 155 170]
 [152 155 170]
 ...
 [211 199 187]
 [211 199 189]
 [211 199 189]]","[[152 155 170]
 [152 155 170]
 [152 155 170]
 ...
 [213 198 189]
 [213 198 189]
 [213 198 189]]","[[152 155 170]
 [152 155 170]
 [152 155 170]
 ...
 [213 198 189]
 [213 198 189]
 [213 198 189]]","[[152 155 170]
 [152 155 170]
 [152 155 170]
 ...
 [210 198 188]
 [210 198 188]
 [210 198 188]]","[[152 155 170]
 [152 155 170]
 [152 155 170]
 ...
 [210 198 188]
 [210 198 188]
 [210 198 188]]","[[152 155 170]
 [152 155 170]
 [152 155 170]
 ...
 [209 197 187]
 [209 197 187]
 [209 197 187]]","[[152 155 170]
 [152 155 170]
 [152 155 170]
 ...
 [207 197 187]
 [206 196 186]
 [206 195 187]]","[[152 155 170]
 [152 155 170]
 [153 156 171]
 ...
 [206 196 186]
 [206 196 186]
 [205 194 186]]","[[152 155 170]
 [152 155 170]
 [153 156 171]
 ...
 [204 195 185]
 [204 195 186]
 [204 195 186]]","[[152 155 170]
 [153 156 171]
 [153 156 171]
 ...
 [203 194 185]
 [203 194 185]
 [203 194 185]]","[[153 156 171]
 [153 156 171]
 [153 156 171]
 ...
 [203 194 185]
 [203 194 185]
 [203 194 185]]","[[154 157 172]
 [155 158 173]
 [155 158 173]
 ...
 [201 190 186]
 [201 191 184]
 [201 191 184]]","[[154 157 172]
 [155 158 173]
 [155 158 173]
 ...
 [201 190 186]
 [201 191 184]
 [201 191 184]]","[[154 157 172]
 [154 157 172]
 [155 158 173]
 ...
 [201 190 186]
 [201 190 186]
 [201 191 184]]","[[153 156 171]
 [154 157 172]
 [155 158 173]
 ...
 [201 190 186]
 [201 190 186]
 [201 191 184]]","[[153 156 171]
 [154 157 172]
 [154 157 172]
 ...
 [201 190 186]
 [201 190 186]
 [201 191 184]]","[[153 156 171]
 [154 157 172]
 [154 157 172]
 ...
 [201 190 186]
 [201 190 186]
 [200 189 185]]","[[153 156 171]
 [154 157 172]
 [154 157 172]
 ...
 [201 190 186]
 [200 189 185]
 [200 189 185]]","[[153 156 171]
 [154 157 172]
 [154 157 172]
 ...
 [200 189 185]
 [200 189 185]
 [200 189 185]]","[[152 155 170]
 [154 157 172]
 [155 158 173]
 ...
 [198 187 183]
 [198 187 183]
 [198 187 183]]","[[152 155 170]
 [154 157 172]
 [155 158 173]
 ...
 [196 187 184]
 [196 187 183]
 [196 187 183]]","[[152 155 170]
 [154 157 172]
 [155 158 173]
 ...
 [195 186 183]
 [195 186 183]
 [195 186 182]]","[[152 155 170]
 [154 157 172]
 [155 158 173]
 ...
 [194 185 182]
 [194 185 182]
 [194 185 181]]","[[152 155 170]
 [154 157 172]
 [155 158 173]
 ...
 [193 184 181]
 [192 183 180]
 [192 183 179]]","[[152 155 170]
 [154 157 172]
 [155 158 173]
 ...
 [191 182 179]
 [191 182 179]
 [191 182 179]]","[[152 155 170]
 [154 157 172]
 [155 158 173]
 ...
 [191 182 179]
 [190 181 178]
 [190 181 178]]","[[152 155 170]
 [154 157 172]
 [155 158 173]
 ...
 [190 181 178]
 [190 181 178]
 [190 181 178]]","[[155 155 173]
 [155 155 173]
 [155 155 173]
 ...
 [184 179 176]
 [184 179 176]
 [184 179 176]]","[[155 155 173]
 [155 155 173]
 [155 155 173]
 ...
 [184 179 176]
 [184 179 176]
 [183 178 175]]","[[155 155 173]
 [155 155 173]
 [155 155 173]
 ...
 [183 178 175]
 [183 178 175]
 [183 178 175]]","[[155 155 173]
 [155 155 173]
 [153 155 173]
 ...
 [182 177 174]
 [182 177 176]
 [181 177 176]]","[[155 155 173]
 [155 155 173]
 [153 155 173]
 ...
 [180 176 175]
 [180 176 175]
 [180 176 175]]","[[155 155 173]
 [153 155 173]
 [153 155 173]
 ...
 [179 175 174]
 [179 175 174]
 [179 175 174]]","[[153 155 173]
 [153 155 173]
 [153 155 173]
 ...
 [176 174 174]
 [176 174 174]
 [176 174 174]]","[[153 155 173]
 [153 155 173]
 [153 156 171]
 ...
 [176 174 174]
 [176 174 174]
 [175 172 174]]","[[153 156 171]
 [153 156 171]
 [154 157 172]
 ...
 [174 173 175]
 [174 173 175]
 [173 172 174]]","[[153 156 171]
 [153 156 171]
 [153 156 171]
 ...
 [173 172 174]
 [173 172 176]
 [171 172 176]]","[[153 156 171]
 [153 156 171]
 [153 156 171]
 ...
 [170 171 175]
 [170 171 175]
 [170 171 175]]","[[153 156 171]
 [153 156 171]
 [153 156 171]
 ...
 [169 170 174]
 [169 170 174]
 [169 169 175]]","[[153 156 171]
 [153 156 171]
 [151 156 171]
 ...
 [166 169 174]
 [166 169 174]
 [165 168 173]]","[[152 155 170]
 [153 156 171]
 [151 156 171]
 ...
 [165 168 173]
 [164 167 172]
 [164 167 172]]","[[152 155 170]
 [151 156 171]
 [151 156 171]
 ...
 [164 167 172]
 [163 166 171]
 [163 165 173]]","[[152 155 170]
 [150 155 170]
 [151 156 171]
 ...
 [163 166 171]
 [163 165 173]
 [161 164 172]]","[[149 158 171]
 [149 158 171]
 [149 158 171]
 ...
 [158 163 172]
 [158 163 172]
 [157 162 171]]","[[149 158 171]
 [149 158 171]
 [149 158 171]
 ...
 [155 162 171]
 [157 162 171]
 [157 162 171]]","[[149 158 171]
 [149 158 171]
 [149 158 171]
 ...
 [154 160 171]
 [154 160 171]
 [156 160 171]]","[[147 159 171]
 [149 158 171]
 [149 158 171]
 ...
 [153 159 170]
 [153 159 172]
 [152 158 171]]","[[147 159 171]
 [147 159 171]
 [149 158 171]
 ...
 [151 157 170]
 [151 157 170]
 [151 157 170]]","[[147 159 171]
 [147 159 171]
 [147 159 171]
 ...
 [148 155 170]
 [148 155 170]
 [149 154 169]]","[[147 159 171]
 [147 159 171]
 [147 159 171]
 ...
 [147 154 171]
 [147 154 171]
 [146 153 170]]","[[147 159 169]
 [147 159 169]
 [147 159 171]
 ...
 [146 152 171]
 [146 152 171]
 [146 152 171]]","[[147 159 169]
 [147 159 169]
 [147 159 169]
 ...
 [145 152 171]
 [144 151 170]
 [144 151 170]]","[[147 159 169]
 [147 159 169]
 [147 159 169]
 ...
 [144 151 171]
 [144 151 171]
 [144 151 171]]","[[147 159 169]
 [147 159 169]
 [147 159 169]
 ...
 [142 151 171]
 [142 151 171]
 [143 150 170]]","[[145 160 169]
 [147 159 169]
 [147 159 169]
 ...
 [141 150 170]
 [141 150 170]
 [141 150 170]]","[[145 160 169]
 [145 160 169]
 [147 159 169]
 ...
 [141 150 170]
 [141 150 170]
 [140 149 169]]","[[145 160 169]
 [145 160 169]
 [147 159 169]
 ...
 [140 149 169]
 [140 149 169]
 [140 149 169]]","[[145 160 169]
 [145 160 169]
 [145 160 169]
 ...
 [138 149 169]
 [138 149 169]
 [139 148 168]]","[[145 160 169]
 [145 160 169]
 [145 160 169]
 ...
 [138 149 169]
 [137 148 168]
 [139 148 168]]","[[141 162 163]
 [141 162 163]
 [141 162 163]
 ...
 [139 146 171]
 [139 146 171]
 [137 147 171]]","[[141 162 163]
 [141 162 163]
 [141 162 163]
 ...
 [138 145 170]
 [138 145 170]
 [136 146 170]]","[[141 162 163]
 [141 162 163]
 [141 162 163]
 ...
 [138 145 170]
 [136 146 170]
 [135 145 169]]","[[141 162 163]
 [141 162 163]
 [141 162 163]
 ...
 [135 145 169]
 [135 145 169]
 [134 144 168]]","[[141 162 163]
 [141 162 163]
 [141 162 163]
 ...
 [133 143 167]
 [133 142 169]
 [133 142 169]]","[[139 163 163]
 [141 162 163]
 [141 162 163]
 ...
 [132 141 168]
 [132 141 168]
 [130 141 168]]","[[139 163 161]
 [139 163 161]
 [139 163 161]
 ...
 [130 141 168]
 [130 141 168]
 [129 140 167]]","[[139 163 161]
 [139 163 161]
 [139 163 161]
 ...
 [129 140 168]
 [129 140 168]
 [129 140 168]]","[[140 164 162]
 [140 164 162]
 [139 163 161]
 ...
 [129 140 168]
 [128 140 168]
 [128 140 168]]","[[138 165 162]
 [137 164 161]
 [139 163 161]
 ...
 [128 140 168]
 [128 139 169]
 [127 138 168]]","[[137 164 160]
 [137 164 160]
 [137 164 160]
 ...
 [127 138 168]
 [127 138 168]
 [124 138 167]]","[[137 164 160]
 [137 164 160]
 [137 164 160]
 ...
 [123 137 166]
 [123 137 166]
 [123 137 166]]","[[137 164 160]
 [137 164 160]
 [137 164 160]
 ...
 [122 136 165]
 [122 135 167]
 [122 135 167]]","[[137 164 160]
 [137 164 160]
 [137 164 160]
 ...
 [121 134 166]
 [121 134 166]
 [118 133 165]]","[[135 165 160]
 [137 164 160]
 [137 164 160]
 ...
 [120 133 165]
 [120 133 165]
 [118 133 165]]","[[135 165 160]
 [135 165 160]
 [137 164 160]
 ...
 [119 132 164]
 [117 132 164]
 [117 132 164]]","[[133 166 159]
 [133 166 159]
 [133 166 159]
 ...
 [111 131 166]
 [111 131 166]
 [111 131 166]]","[[133 166 159]
 [133 166 159]
 [133 166 159]
 ...
 [111 132 164]
 [111 132 164]
 [111 132 164]]","[[133 166 159]
 [133 166 159]
 [133 166 159]
 ...
 [111 132 164]
 [111 132 164]
 [110 131 163]]","[[132 166 159]
 [132 166 159]
 [134 167 160]
 ...
 [110 131 163]
 [110 131 163]
 [110 131 163]]","[[132 166 159]
 [132 166 159]
 [133 168 158]
 ...
 [109 130 161]
 [109 130 161]
 [109 130 161]]","[[132 167 157]
 [133 168 158]
 [133 168 158]
 ...
 [107 131 161]
 [107 131 161]
 [106 130 160]]","[[133 168 158]
 [133 168 158]
 [133 168 158]
 ...
 [106 130 158]
 [106 130 158]
 [106 130 158]]","[[131 168 158]
 [131 168 158]
 [133 168 158]
 ...
 [106 130 158]
 [106 130 158]
 [106 130 158]]","[[130 167 157]
 [130 168 156]
 [130 168 156]
 ...
 [105 129 157]
 [105 129 157]
 [105 129 157]]","[[130 168 156]
 [130 168 156]
 [130 168 156]
 ...
 [102 129 156]
 [102 129 156]
 [102 129 156]]","[[130 168 156]
 [130 168 156]
 [130 168 156]
 ...
 [102 129 156]
 [102 129 156]
 [102 129 156]]","[[128 168 156]
 [128 168 156]
 [130 168 156]
 ...
 [102 129 156]
 [102 129 156]
 [102 129 156]]","[[128 168 156]
 [128 168 156]
 [128 169 154]
 ...
 [101 127 157]
 [101 127 157]
 [101 127 157]]","[[128 169 154]
 [128 169 154]
 [128 169 154]
 ...
 [100 126 156]
 [ 98 126 156]
 [ 98 126 156]]","[[128 169 154]
 [128 169 154]
 [128 169 154]
 ...
 [ 98 126 156]
 [ 98 126 156]
 [ 98 126 156]]","[[128 169 154]
 [128 169 154]
 [128 169 154]
 ...
 [ 98 126 156]
 [ 98 126 156]
 [ 98 126 156]]","[[126 171 152]
 [126 171 152]
 [126 171 152]
 ...
 [ 98 123 157]
 [ 98 123 157]
 [ 98 123 157]]","[[126 171 152]
 [126 171 152]
 [126 171 152]
 ...
 [ 98 123 157]
 [ 98 123 157]
 [ 98 123 157]]","[[125 171 152]
 [125 171 152]
 [125 171 152]
 ...
 [ 98 123 157]
 [ 98 123 157]
 [ 98 123 157]]","[[125 171 152]
 [125 171 152]
 [125 172 150]
 ...
 [ 98 123 157]
 [ 98 122 158]
 [ 98 122 158]]","[[125 172 150]
 [125 172 150]
 [125 172 150]
 ...
 [ 98 122 158]
 [ 98 122 158]
 [ 98 122 158]]","[[125 172 150]
 [125 172 150]
 [125 172 150]
 ...
 [ 98 122 158]
 [ 98 122 158]
 [ 98 122 158]]","[[125 172 150]
 [125 172 150]
 [125 172 150]
 ...
 [ 98 122 158]
 [ 98 122 158]
 [ 98 122 158]]","[[123 172 150]
 [123 172 150]
 [123 173 149]
 ...
 [ 98 122 158]
 [ 98 122 158]
 [ 98 122 158]]","[[123 173 149]
 [123 173 149]
 [123 173 149]
 ...
 [100 125 159]
 [100 124 160]
 [100 124 160]]","[[123 173 149]
 [123 173 149]
 [123 173 149]
 ...
 [101 126 160]
 [100 125 159]
 [100 125 159]]","[[123 173 149]
 [123 173 149]
 [123 173 149]
 ...
 [101 126 160]
 [101 126 160]
 [101 126 160]]","[[121 173 149]
 [121 173 149]
 [121 174 147]
 ...
 [102 127 159]
 [102 127 159]
 [102 127 159]]","[[121 174 147]
 [121 174 147]
 [121 174 147]
 ...
 [104 130 160]
 [103 129 159]
 [103 128 160]]","[[121 174 147]
 [121 174 147]
 [121 174 147]
 ...
 [105 131 161]
 [104 130 160]
 [104 130 160]]","[[121 174 147]
 [121 174 147]
 [121 174 147]
 ...
 [105 132 159]
 [105 132 159]
 [105 131 161]]","[[121 174 147]
 [121 174 147]
 [121 174 147]
 ...
 [106 133 160]
 [106 133 160]
 [105 132 159]]","[[120 177 146]
 [120 177 146]
 [120 177 146]
 ...
 [110 135 161]
 [110 135 161]
 [110 135 161]]","[[118 177 146]
 [120 177 146]
 [120 177 146]
 ...
 [110 136 160]
 [110 136 160]
 [110 136 160]]","[[118 177 146]
 [118 177 146]
 [120 177 146]
 ...
 [113 137 161]
 [113 137 161]
 [111 137 161]]","[[117 176 145]
 [118 177 146]
 [118 177 146]
 ...
 [114 138 162]
 [114 138 162]
 [114 138 162]]","[[116 176 145]
 [117 177 146]
 [118 177 146]
 ...
 [116 138 163]
 [116 138 163]
 [114 138 162]]","[[116 177 143]
 [116 177 143]
 [117 178 144]
 ...
 [117 140 162]
 [117 140 162]
 [116 139 161]]","[[116 177 143]
 [116 177 143]
 [117 178 144]
 ...
 [120 141 163]
 [119 140 162]
 [119 140 162]]","[[114 178 143]
 [116 177 143]
 [117 178 144]
 ...
 [122 140 163]
 [122 140 163]
 [121 139 162]]","[[113 177 142]
 [113 177 142]
 [115 176 142]
 ...
 [126 143 164]
 [126 143 164]
 [126 143 164]]","[[115 177 141]
 [115 177 141]
 [115 177 141]
 ...
 [129 143 165]
 [129 143 165]
 [127 144 165]]","[[115 177 141]
 [115 177 141]
 [115 177 141]
 ...
 [130 145 164]
 [130 145 164]
 [130 145 164]]","[[115 177 141]
 [115 177 141]
 [115 177 141]
 ...
 [132 146 165]
 [132 146 165]
 [132 146 165]]","[[116 177 141]
 [116 177 141]
 [116 177 141]
 ...
 [135 146 166]
 [135 146 166]
 [133 147 166]]","[[116 177 139]
 [116 177 139]
 [116 177 139]
 ...
 [136 147 167]
 [136 147 167]
 [136 147 167]]","[[116 177 139]
 [116 177 139]
 [116 177 139]
 ...
 [137 149 167]
 [137 149 167]
 [137 149 167]]","[[116 177 139]
 [116 177 139]
 [116 177 139]
 ...
 [140 150 168]
 [140 150 168]
 [138 150 168]]","[[117 178 140]
 [118 179 141]
 [118 179 141]
 ...
 [144 153 167]
 [144 153 167]
 [144 153 167]]","[[117 178 140]
 [118 179 141]
 [118 179 141]
 ...
 [145 154 168]
 [145 154 168]
 [145 154 168]]","[[117 178 140]
 [118 179 141]
 [118 179 141]
 ...
 [146 155 169]
 [146 155 169]
 [146 155 169]]","[[117 178 140]
 [118 179 141]
 [118 179 141]
 ...
 [147 156 169]
 [147 156 169]
 [147 156 169]]","[[117 178 140]
 [118 179 141]
 [118 179 141]
 ...
 [150 158 171]
 [149 158 171]
 [149 158 171]]","[[117 178 140]
 [118 179 141]
 [118 179 141]
 ...
 [152 160 173]
 [152 160 173]
 [152 160 173]]","[[117 178 140]
 [118 179 141]
 [118 179 141]
 ...
 [153 162 172]
 [153 162 172]
 [153 162 172]]","[[117 178 140]
 [118 179 141]
 [118 179 141]
 ...
 [155 161 172]
 [155 161 172]
 [153 162 172]]","[[119 180 142]
 [119 180 142]
 [119 180 142]
 ...
 [156 163 172]
 [156 163 172]
 [156 163 172]]","[[119 180 142]
 [119 180 142]
 [119 180 142]
 ...
 [158 164 171]
 [156 164 171]
 [156 164 171]]","[[119 180 142]
 [119 180 142]
 [119 180 142]
 ...
 [159 165 172]
 [159 165 172]
 [159 165 172]]","[[119 180 142]
 [119 180 142]
 [119 180 142]
 ...
 [161 167 172]
 [161 167 172]
 [161 167 172]]","[[119 180 142]
 [119 180 142]
 [119 180 142]
 ...
 [164 168 173]
 [162 168 173]
 [162 168 173]]","[[119 180 142]
 [119 180 142]
 [119 180 142]
 ...
 [166 170 175]
 [166 170 175]
 [166 170 175]]","[[119 180 142]
 [119 180 142]
 [119 180 142]
 ...
 [167 171 176]
 [167 171 176]
 [167 171 176]]","[[119 180 142]
 [119 180 142]
 [119 180 142]
 ...
 [167 172 175]
 [167 172 175]
 [167 172 175]]","[[117 178 142]
 [118 179 143]
 [118 179 143]
 ...
 [168 173 174]
 [168 173 174]
 [168 173 174]]","[[117 178 142]
 [118 179 143]
 [118 179 143]
 ...
 [170 174 175]
 [170 174 175]
 [169 173 174]]","[[118 179 143]
 [118 179 143]
 [118 179 143]
 ...
 [170 174 175]
 [170 174 175]
 [170 174 175]]","[[118 179 143]
 [118 179 143]
 [118 179 143]
 ...
 [173 175 176]
 [173 175 176]
 [173 175 176]]","[[118 179 143]
 [118 179 143]
 [118 179 143]
 ...
 [176 176 176]
 [175 175 175]
 [175 175 175]]","[[118 179 143]
 [118 179 143]
 [119 180 144]
 ...
 [178 176 176]
 [178 176 176]
 [178 176 176]]","[[118 178 144]
 [118 178 144]
 [119 179 145]
 ...
 [181 176 177]
 [181 176 177]
 [180 175 176]]","[[118 178 144]
 [118 178 144]
 [119 179 145]
 ...
 [182 177 176]
 [182 177 176]
 [182 177 176]]","[[119 179 145]
 [119 179 145]
 [120 180 146]
 ...
 [184 179 178]
 [184 179 178]
 [184 179 178]]","[[119 179 145]
 [119 179 145]
 [120 180 146]
 ...
 [188 181 178]
 [188 181 178]
 [187 180 177]]","[[119 178 147]
 [119 178 147]
 [120 179 148]
 ...
 [190 183 180]
 [189 182 179]
 [189 182 179]]","[[119 178 147]
 [119 178 147]
 [120 179 148]
 ...
 [191 184 181]
 [191 184 181]
 [191 184 181]]","[[119 178 147]
 [119 178 147]
 [120 179 148]
 ...
 [193 187 182]
 [193 187 182]
 [193 187 182]]","[[119 178 147]
 [120 179 148]
 [120 179 148]
 ...
 [193 187 182]
 [193 187 182]
 [193 187 182]]","[[119 178 147]
 [120 179 148]
 [120 179 148]
 ...
 [193 187 182]
 [193 187 182]
 [193 187 182]]","[[119 178 147]
 [120 179 148]
 [120 179 148]
 ...
 [193 187 182]
 [193 187 182]
 [192 186 181]]","[[127 178 151]
 [127 178 151]
 [128 179 152]
 ...
 [199 193 182]
 [199 193 182]
 [199 193 182]]","[[128 179 152]
 [128 179 152]
 [128 179 152]
 ...
 [200 194 183]
 [199 193 182]
 [199 193 182]]","[[128 179 152]
 [128 179 152]
 [129 180 153]
 ...
 [200 194 183]
 [200 194 183]
 [200 194 183]]","[[129 180 153]
 [129 180 153]
 [129 180 153]
 ...
 [202 196 185]
 [201 195 184]
 [201 195 184]]","[[131 179 153]
 [132 180 154]
 [132 180 154]
 ...
 [203 197 186]
 [203 197 186]
 [203 197 184]]","[[132 180 154]
 [132 180 154]
 [133 181 155]
 ...
 [206 198 185]
 [206 198 185]
 [206 198 185]]","[[133 180 154]
 [134 181 155]
 [134 181 155]
 ...
 [207 199 186]
 [207 199 186]
 [207 199 186]]","[[134 181 155]
 [134 181 155]
 [134 181 155]
 ...
 [207 199 186]
 [207 200 185]
 [207 200 185]]","[[138 183 157]
 [138 183 157]
 [139 184 158]
 ...
 [210 201 187]
 [210 201 187]
 [209 200 186]]","[[138 182 159]
 [138 182 159]
 [139 183 160]
 ...
 [211 202 188]
 [211 202 188]
 [211 203 186]]","[[141 182 161]
 [141 182 161]
 [141 182 161]
 ...
 [212 204 187]
 [212 204 187]
 [212 204 187]]","[[141 182 161]
 [142 183 162]
 [142 183 162]
 ...
 [212 204 187]
 [212 204 187]
 [212 204 187]]","[[144 182 164]
 [144 182 164]
 [145 183 165]
 ...
 [210 202 185]
 [210 202 185]
 [210 203 184]]","[[145 182 166]
 [145 182 166]
 [145 182 166]
 ...
 [212 202 184]
 [212 202 184]
 [212 202 184]]","[[145 182 166]
 [145 182 166]
 [146 183 167]
 ...
 [213 203 185]
 [213 203 185]
 [213 203 185]]","[[145 182 166]
 [146 183 167]
 [146 183 167]
 ...
 [215 205 187]
 [215 205 187]
 [214 204 186]]","[[151 183 172]
 [151 183 172]
 [151 183 172]
 ...
 [218 209 189]
 [217 208 188]
 [217 208 188]]","[[151 183 172]
 [151 183 172]
 [151 183 172]
 ...
 [218 209 189]
 [218 209 189]
 [217 208 188]]","[[152 184 173]
 [152 184 173]
 [152 184 173]
 ...
 [218 209 189]
 [218 209 189]
 [218 209 189]]","[[154 184 173]
 [154 184 173]
 [154 184 173]
 ...
 [218 210 187]
 [218 210 187]
 [218 210 187]]","[[155 184 175]
 [155 184 175]
 [155 184 175]
 ...
 [219 211 188]
 [219 211 188]
 [218 210 187]]","[[155 184 175]
 [155 184 175]
 [155 184 175]
 ...
 [219 212 187]
 [219 212 187]
 [219 212 187]]","[[158 185 176]
 [158 185 176]
 [158 185 176]
 ...
 [220 213 186]
 [219 212 185]
 [219 212 185]]","[[158 184 178]
 [158 184 178]
 [158 184 178]
 ...
 [222 213 186]
 [222 213 186]
 [221 212 185]]","[[159 182 177]
 [159 182 177]
 [157 183 177]
 ...
 [223 214 187]
 [222 213 186]
 [222 213 186]]","[[159 182 178]
 [159 182 178]
 [159 182 178]
 ...
 [223 214 187]
 [223 214 187]
 [222 213 186]]","[[160 183 179]
 [160 183 179]
 [160 183 179]
 ...
 [223 214 187]
 [223 214 187]
 [223 214 187]]","[[162 183 180]
 [162 183 180]
 [162 183 180]
 ...
 [223 214 187]
 [223 214 187]
 [223 214 187]]","[[163 184 182]
 [163 184 182]
 [163 184 182]
 ...
 [224 215 188]
 [224 215 188]
 [223 214 187]]","[[163 184 182]
 [163 184 182]
 [163 184 182]
 ...
 [224 215 188]
 [224 215 188]
 [224 215 188]]","[[164 185 183]
 [164 185 183]
 [164 185 183]
 ...
 [225 216 189]
 [224 215 188]
 [224 215 188]]","[[164 185 183]
 [164 185 183]
 [164 185 183]
 ...
 [225 215 191]
 [225 215 191]
 [224 214 190]]","[[166 184 183]
 [166 184 183]
 [166 184 183]
 ...
 [223 217 188]
 [223 217 188]
 [223 217 188]]","[[166 184 183]
 [166 184 183]
 [166 184 183]
 ...
 [224 218 189]
 [224 218 189]
 [224 218 189]]","[[166 184 183]
 [166 184 183]
 [166 184 183]
 ...
 [224 218 189]
 [224 218 189]
 [224 218 189]]","[[167 185 184]
 [167 185 184]
 [167 185 184]
 ...
 [224 218 189]
 [224 218 189]
 [224 218 189]]","[[167 185 184]
 [167 185 184]
 [167 185 184]
 ...
 [224 218 189]
 [224 218 189]
 [224 218 189]]","[[168 186 187]
 [168 186 187]
 [168 186 187]
 ...
 [225 219 190]
 [225 219 190]
 [225 219 190]]","[[170 185 187]
 [170 185 187]
 [170 185 187]
 ...
 [225 219 190]
 [225 219 190]
 [225 219 190]]","[[171 186 188]
 [171 186 188]
 [171 186 188]
 ...
 [225 219 190]
 [225 219 190]
 [225 219 190]]","[[170 185 187]
 [170 185 187]
 [170 185 188]
 ...
 [226 220 191]
 [226 220 191]
 [226 220 191]]","[[170 185 188]
 [170 185 188]
 [170 185 188]
 ...
 [226 220 191]
 [226 220 191]
 [226 220 191]]","[[170 185 188]
 [170 185 188]
 [170 185 188]
 ...
 [226 220 191]
 [226 220 191]
 [226 220 191]]","[[171 186 189]
 [171 186 189]
 [171 186 189]
 ...
 [227 221 192]
 [227 221 192]
 [227 221 192]]","[[171 186 189]
 [171 186 189]
 [171 186 189]
 ...
 [227 221 192]
 [227 221 192]
 [227 221 192]]","[[172 186 192]
 [172 186 192]
 [172 186 192]
 ...
 [227 221 192]
 [227 221 192]
 [227 221 192]]","[[172 186 192]
 [172 186 192]
 [172 186 192]
 ...
 [228 222 193]
 [228 222 193]
 [228 222 193]]","[[172 186 192]
 [172 186 192]
 [172 186 192]
 ...
 [228 222 193]
 [228 222 193]
 [228 222 193]]","[[176 185 194]
 [176 185 194]
 [176 185 194]
 ...
 [229 223 194]
 [229 223 194]
 [229 223 194]]","[[176 185 194]
 [176 185 194]
 [176 185 195]
 ...
 [229 223 194]
 [229 223 194]
 [229 223 194]]","[[176 185 195]
 [176 185 195]
 [176 185 195]
 ...
 [229 223 194]
 [229 223 194]
 [229 223 194]]","[[176 185 195]
 [175 184 194]
 [175 184 194]
 ...
 [230 224 195]
 [230 224 195]
 [230 224 195]]","[[175 184 194]
 [175 184 194]
 [175 184 194]
 ...
 [230 224 195]
 [230 224 195]
 [230 224 195]]","[[175 184 194]
 [175 184 194]
 [175 184 194]
 ...
 [230 224 195]
 [230 224 195]
 [230 224 195]]","[[175 184 194]
 [175 184 194]
 [175 184 194]
 ...
 [230 224 195]
 [230 224 195]
 [230 224 195]]","[[175 183 196]
 [175 183 196]
 [175 183 196]
 ...
 [230 224 195]
 [230 224 195]
 [230 224 195]]","[[176 184 197]
 [176 184 197]
 [176 184 197]
 ...
 [231 225 196]
 [231 225 196]
 [231 225 196]]","[[178 184 197]
 [178 184 197]
 [176 184 197]
 ...
 [231 225 196]
 [231 225 196]
 [231 225 196]]","[[178 184 197]
 [178 184 197]
 [178 183 198]
 ...
 [231 225 196]
 [231 225 196]
 [231 225 196]]","[[178 183 198]
 [178 183 198]
 [178 183 198]
 ...
 [232 226 197]
 [232 226 197]
 [232 226 197]]","[[178 183 198]
 [178 183 198]
 [178 183 198]
 ...
 [232 226 197]
 [232 226 197]
 [232 226 197]]","[[178 183 198]
 [178 183 198]
 [178 183 198]
 ...
 [232 226 197]
 [232 226 197]
 [232 226 197]]","[[179 184 199]
 [178 183 198]
 [178 183 198]
 ...
 [232 226 197]
 [232 226 197]
 [232 226 197]]","[[179 184 199]
 [179 184 199]
 [178 183 198]
 ...
 [232 226 197]
 [232 226 197]
 [232 226 197]]","[[181 182 203]
 [181 182 203]
 [181 182 203]
 ...
 [230 226 198]
 [230 226 198]
 [230 226 198]]","[[181 182 203]
 [181 182 203]
 [181 182 203]
 ...
 [230 226 198]
 [230 226 198]
 [230 226 198]]","[[181 182 203]
 [181 182 203]
 [181 182 203]
 ...
 [230 226 198]
 [230 226 198]
 [230 226 198]]","[[181 182 203]
 [181 182 203]
 [181 182 203]
 ...
 [231 227 199]
 [231 227 199]
 [231 227 199]]","[[181 182 203]
 [181 182 203]
 [181 182 203]
 ...
 [231 227 199]
 [231 227 199]
 [231 227 199]]","[[181 182 203]
 [181 182 203]
 [181 182 203]
 ...
 [231 227 199]
 [231 227 199]
 [231 227 199]]","[[181 182 203]
 [181 182 203]
 [181 182 203]
 ...
 [231 227 199]
 [231 227 199]
 [231 227 199]]","[[181 182 203]
 [181 182 203]
 [181 182 203]
 ...
 [231 227 199]
 [231 227 199]
 [231 227 199]]","[[182 183 204]
 [182 183 204]
 [182 183 204]
 ...
 [235 228 201]
 [235 228 201]
 [235 228 201]]","[[182 183 204]
 [182 183 204]
 [182 183 204]
 ...
 [235 228 201]
 [235 228 201]
 [235 228 201]]","[[182 182 206]
 [182 182 206]
 [182 182 206]
 ...
 [235 228 201]
 [235 228 201]
 [235 228 201]]","[[182 182 206]
 [182 182 206]
 [182 182 206]
 ...
 [235 228 201]
 [235 228 201]
 [235 228 201]]","[[182 182 206]
 [182 182 206]
 [182 182 206]
 ...
 [235 228 201]
 [235 228 201]
 [235 228 201]]","[[182 182 206]
 [182 182 206]
 [182 182 206]
 ...
 [235 228 201]
 [235 228 201]
 [235 228 201]]","[[182 182 206]
 [182 182 206]
 [182 182 206]
 ...
 [235 228 201]
 [235 228 201]
 [235 228 201]]","[[182 182 206]
 [182 182 206]
 [182 182 206]
 ...
 [235 228 201]
 [235 228 201]
 [235 228 201]]","[[182 182 206]
 [182 182 206]
 [182 182 206]
 ...
 [233 225 202]
 [233 225 202]
 [233 225 202]]","[[182 182 206]
 [182 182 206]
 [182 182 206]
 ...
 [233 225 202]
 [233 225 202]
 [233 225 202]]","[[182 182 206]
 [182 182 206]
 [182 182 206]
 ...
 [233 225 202]
 [233 225 202]
 [233 225 202]]","[[182 182 206]
 [182 182 206]
 [181 181 205]
 ...
 [234 226 203]
 [234 226 203]
 [234 226 203]]","[[182 182 206]
 [181 181 205]
 [181 181 205]
 ...
 [234 226 203]
 [234 226 203]
 [234 226 203]]","[[181 181 205]
 [181 181 205]
 [181 180 206]
 ...
 [234 226 203]
 [234 226 203]
 [234 226 203]]","[[181 180 206]
 [181 180 206]
 [181 180 206]
 ...
 [234 226 203]
 [234 226 203]
 [234 226 203]]","[[181 180 206]
 [181 180 206]
 [181 180 206]
 ...
 [235 227 204]
 [235 227 204]
 [235 227 204]]","[[179 178 204]
 [179 178 204]
 [179 178 204]
 ...
 [235 227 204]
 [235 227 204]
 [235 227 204]]","[[179 178 204]
 [179 178 204]
 [179 178 204]
 ...
 [235 226 206]
 [235 226 206]
 [235 226 206]]","[[179 178 204]
 [179 178 204]
 [179 178 204]
 ...
 [236 227 207]
 [236 227 207]
 [236 227 207]]","[[179 178 204]
 [179 178 204]
 [178 177 203]
 ...
 [236 227 207]
 [236 227 207]
 [236 227 207]]","[[178 177 203]
 [178 177 203]
 [178 177 203]
 ...
 [236 227 207]
 [236 227 207]
 [236 227 207]]","[[178 177 203]
 [178 177 203]
 [178 176 205]
 ...
 [236 227 207]
 [236 227 207]
 [236 227 207]]","[[177 176 202]
 [177 175 204]
 [177 175 204]
 ...
 [236 227 207]
 [236 227 207]
 [236 227 207]]","[[177 175 204]
 [177 175 204]
 [177 175 204]
 ...
 [236 227 207]
 [236 227 207]
 [236 227 207]]","[[174 174 204]
 [174 174 204]
 [174 174 204]
 ...
 [235 231 206]
 [235 231 206]
 [235 231 206]]","[[174 174 204]
 [174 174 204]
 [174 174 204]
 ...
 [235 231 206]
 [235 231 206]
 [235 231 206]]","[[174 174 204]
 [174 174 204]
 [174 174 204]
 ...
 [235 231 206]
 [235 231 206]
 [235 231 206]]","[[174 174 204]
 [174 174 204]
 [174 174 204]
 ...
 [236 232 207]
 [236 232 207]
 [236 232 207]]","[[172 174 204]
 [172 174 204]
 [171 173 203]
 ...
 [236 232 207]
 [236 232 207]
 [236 232 207]]","[[171 173 203]
 [171 173 203]
 [171 173 203]
 ...
 [236 232 207]
 [236 232 207]
 [236 232 207]]","[[171 173 203]
 [171 173 203]
 [171 173 203]
 ...
 [236 232 207]
 [236 232 207]
 [236 232 207]]","[[171 173 203]
 [171 173 203]
 [171 173 203]
 ...
 [236 232 207]
 [236 232 207]
 [236 232 207]]","[[170 174 203]
 [170 174 203]
 [170 174 203]
 ...
 [237 233 208]
 [237 233 208]
 [237 233 208]]","[[170 174 203]
 [170 174 203]
 [169 173 202]
 ...
 [237 233 208]
 [237 233 208]
 [237 233 208]]","[[169 173 202]
 [169 173 202]
 [169 173 202]
 ...
 [237 233 208]
 [237 233 208]
 [237 233 208]]","[[169 173 202]
 [169 173 202]
 [169 173 202]
 ...
 [238 234 209]
 [238 234 209]
 [238 234 209]]","[[167 173 202]
 [166 172 201]
 [166 172 201]
 ...
 [238 234 209]
 [238 234 209]
 [238 234 209]]","[[166 172 201]
 [166 172 201]
 [166 172 201]
 ...
 [238 234 209]
 [238 234 209]
 [238 234 209]]","[[166 172 201]
 [166 172 201]
 [166 172 201]
 ...
 [238 234 209]
 [238 234 209]
 [238 234 209]]","[[166 172 201]
 [166 172 201]
 [165 171 200]
 ...
 [238 234 209]
 [238 234 209]
 [238 234 209]]","[[164 172 201]
 [164 172 201]
 [162 173 201]
 ...
 [238 234 209]
 [238 234 209]
 [238 234 209]]","[[163 171 200]
 [161 172 200]
 [161 172 200]
 ...
 [238 234 209]
 [238 234 209]
 [238 234 209]]","[[161 172 200]
 [161 172 200]
 [161 172 200]
 ...
 [238 234 209]
 [238 234 209]
 [238 234 209]]","[[160 171 199]
 [160 171 199]
 [160 171 199]
 ...
 [238 234 209]
 [238 234 209]
 [238 234 209]]","[[159 170 198]
 [159 170 198]
 [159 170 198]
 ...
 [239 235 210]
 [239 235 210]
 [239 235 210]]","[[158 169 197]
 [158 169 197]
 [158 169 197]
 ...
 [239 235 210]
 [239 235 210]
 [239 235 210]]","[[157 168 196]
 [157 168 196]
 [157 168 196]
 ...
 [239 235 210]
 [239 235 210]
 [239 235 210]]","[[157 168 196]
 [157 168 196]
 [157 168 196]
 ...
 [239 235 210]
 [239 235 210]
 [239 235 210]]"
-0.16966700553894043,0.04506506770849228,0.016700243577361107,-0.123348169028759,-0.11874980479478836,-0.021862559020519257,-0.08431970328092575,-0.10075094550848007,0.18441693484783173,-0.21558459103107452,0.08668367564678192,-0.10253331810235977,-0.2489156723022461,0.030160699039697647,-0.05475803464651108,0.21307969093322754,-0.14637763798236847,-0.10117601603269577,-0.034892089664936066,-0.04482021555304527,0.07172104716300964,0.004228688310831785,-0.04586934670805931,0.1616564244031906,-0.1162850633263588,-0.41657841205596924,-0.1202189028263092,0.0029423164669424295,-0.0945521891117096,-0.04710313677787781,-0.0021267880219966173,0.06224925443530083,-0.16953207552433014,0.005504582542926073,-0.01854623295366764,0.18937301635742188,-0.013178969733417034,-0.07623684406280518,0.1247485801577568,0.04813649505376816,-0.2605065107345581,-0.025355543941259384,0.13742022216320038,0.2658647894859314,0.19215969741344452,-0.02391567826271057,0.01585238426923752,-0.053924404084682465,0.1858607828617096,-0.2897477149963379,0.020732326433062553,0.11590034514665604,0.015122459270060062,0.10357311367988586,0.09607886523008347,-0.09472404420375824,0.06633830815553665,0.12603424489498138,-0.19214187562465668,0.011789565905928612,0.09116312861442566,-0.09109651297330856,0.01209659967571497,-0.029721342027187347,0.19999659061431885,0.12375142425298691,-0.10670749843120575,-0.17161618173122406,0.16443078219890594,-0.2196424901485443,-0.012982981279492378,0.04326467588543892,-0.11724817007780075,-0.22879058122634888,-0.3400208353996277,0.08708731085062027,0.33092811703681946,0.27726370096206665,-0.07667239010334015,0.08169437944889069,-0.039722394198179245,-0.034102268517017365,0.08672481030225754,0.1299322098493576,0.04302379488945007,0.0643407329916954,-0.07784909754991531,0.11287190020084381,0.21315467357635498,0.005049006547778845,0.009857703931629658,0.29106390476226807,0.053488586097955704,0.005500222556293011,0.020454583689570427,0.10232391953468323,-0.2080516666173935,-0.04344047233462334,-0.2370275855064392,-0.04153461754322052,0.038619231432676315,0.028582211583852768,0.049284640699625015,0.09328115731477737,-0.18600749969482422,0.21534624695777893,-0.04592037945985794,-0.06728196889162064,-0.08650046586990356,0.026125242933630943,-0.1519068479537964,-0.017118411138653755,0.11585622280836105,-0.1602482944726944,0.09496630728244781,0.13165606558322906,0.10397078096866608,0.15558525919914246,0.11034362018108368,0.02792588621377945,0.02198013849556446,-0.08883258700370789,-0.08685953170061111,-0.04446915537118912,0.06984061747789383,0.0004568311560433358,0.07154352217912674,0.023573683574795723
